:020000040000FA
:100000000C94C5040C94F6040C94F6040C94F604B9
:100010000C94F6040C94F6040C94F6040C94F60478
:100020000C94F6040C94F6040C94F6040C94F60468
:100030000C94F6040C94AB200C94F6040C94F60487
:100040000C94F6040C94F6040C94F6040C94F60448
:100050000C94F6040C94F6040C94F6040C946120B1
:100060000C94F6040C9435210C940B210C94F6049A
:100070000C94F6040C94F6040C94F6040C94F60418
:100080000C94F6040C94F6040C94F6040C94F60408
:100090000C94F6040C94F6040C94F6040C946B2166
:1000A0000C94F6040C94F6040C94F6040C94F604E8
:1000B0000C94F6040C94F6040C94F6040C94F604D8
:1000C0000C94F6040C94F6040C94F6040C94F604C8
:1000D0000C94F6040C94F6040C94F6040C94F604B8
:1000E0000C94F60405A84CCDB2D44EB93836A9020A
:1000F0000C50B9918688083CA6AAAA2ABE00000026
:10010000803F0C948B220C94AF090C94A2140C9495
:10011000471D0C9431050C94C9160C94AC080C9432
:10012000D9080C94FA0D0C945B050C9451050C94B1
:10013000E60A0C9443140C94FC080C94BF0F0C9426
:1001400028050C9420050C94CA160C941A150C94CE
:100150004D050C9424050C946C100C9462100C94B6
:100160001C050C9443050C9456050C94560F0C94E6
:10017000F5100C9416050C94E8080C94740B0C9470
:1001800071130C943B050C941D160C94890D0C9462
:1001900057050C942B050C94180D0C94F10F0C942E
:1001A0003F050C9442090C9449050C94160F0C94CD
:1001B00035050C94070D0C940A0900407A10F35A87
:1001C00000A0724E18090010A5D4E80000E8764897
:1001D000170000E40B54020000CA9A3B000000E143
:1001E000F505000080969800000040420F000000D6
:1001F000A08601000000102700000000E8030000B6
:1002000000006400000000000A000000000001007F
:10021000000000002C76D888DC674F0823DFC1DFA0
:10022000AE59E1B1B796E5E3E453C63AE6519976A3
:1002300096E8E6C28426EB898C9B62ED407C6FFCDD
:10024000EFBC9C9F40F2BAA56FA5F490055A2AF71F
:100250005C936B6CF9676DC11BFCE0E40D47FEF528
:1002600020E6B500D0ED902E030094357705008090
:10027000841E080000204E0A000000C80C333333EF
:10028000330F986E12831141EF8D2114893BE6558F
:1002900016CFFEE6DB18D1844B381BF77C1D901D72
:1002A000A4BBE424203284725E228100C9F124ECD4
:1002B000A1E53D2700000000003E5B4F5B3E3E6B2A
:1002C0004F6B3E1C3E7C3E1C183C7E3C181C577DF0
:1002D000571C1C5E7F5E1C00183C1800FFE7C3E73C
:1002E000FF0018241800FFE7DBE7FF30483A060E4E
:1002F0002629792926407F050507407F05253F5A95
:100300003CE73C5A7F3E1C1C08081C1C3E7F142204
:100310007F22145F5F005F5F06097F017F006689AF
:10032000956A606060606094A2FFA29408047E04F5
:100330000810207E201008082A1C08081C2A08081B
:100340001E101010100C1E0C1E0C30383E383006DB
:100350000E3E0E06000000000000005F00000007D7
:10036000000700147F147F14242A7F2A1223130805
:10037000646236495620500008070300001C2241E1
:10038000000041221C002A1C7F1C2A08083E080885
:100390000080703000080808080800006060002035
:1003A000100804023E5149453E00427F4000724918
:1003B0004949462141494D331814127F10274545BC
:1003C00045393C4A494931412111090736494949D2
:1003D00036464949291E0000140000004034000040
:1003E00000081422411414141414004122140802A9
:1003F000015909063E415D594E7C1211127C7F491C
:100400004949363E414141227F4141413E7F494970
:1004100049417F090909013E414151737F0808089C
:100420007F00417F41002040413F017F081422416D
:100430007F404040407F021C027F7F0408107F3EC7
:100440004141413E7F090909063E4151215E7F0934
:10045000192946264949493203017F01033F40409B
:10046000403F1F2040201F3F4038403F6314081486
:100470006303047804036159494D43007F414141BE
:100480000204081020004141417F0402010204409F
:1004900040404040000307080020545478407F2823
:1004A0004444383844444428384444287F38545419
:1004B000541800087E090218A4A49C787F0804043C
:1004C0007800447D40002040403D007F10284400DB
:1004D00000417F40007C047804787C08040478386C
:1004E00044444438FC1824241818242418FC7C089C
:1004F000040408485454542404043F44243C404019
:10050000207C1C2040201C3C4030403C44281028CB
:10051000444C9090907C4464544C44000836410014
:100520000000770000004136080002010204023C8E
:100530002623263C1EA1A161123A4040207A38545D
:1005400054555921555579412254547842215554D6
:10055000784020545579400C1E5272123955555529
:1005600059395454545939555454580000457C4114
:100570000002457D420001457C407D1211127DF054
:10058000282528F07C545545002054547C547C0A7E
:10059000097F4932494949323A4444443A324A4847
:1005A00048303A4141217A3A42402078009DA0A04B
:1005B0007D3D4242423D3D4040403D3C24FF24249D
:1005C000487E4943662B2FFC2F2BFF0929F620C0BC
:1005D000887E090320545479410000447D4130480D
:1005E000484A32384040227A007A0A0A727D0D1950
:1005F000317D2629292F28262929292630484D40B2
:1006000020380808080808080808382F10C8ACBAAD
:100610002F102834FA00007B000008142A1422222C
:10062000142A14085500550055AA55AA55AAFF5575
:10063000FF55FF000000FF00101010FF00141414FD
:10064000FF001010FF00FF1010F010F0141414FC45
:10065000001414F700FF0000FF00FF1414F404FC62
:10066000141417101F10101F101F1414141F001043
:100670001010F0000000001F101010101F101010BC
:1006800010F010000000FF101010101010101010CB
:10069000FF10000000FF140000FF00FF00001F100B
:1006A000170000FC04F414141710171414F404F4C5
:1006B0000000FF00F714141414141414F700F714B6
:1006C0001414171410101F101F141414F414101005
:1006D000F010F000001F101F0000001F14000000A9
:1006E000FC140000F010F01010FF10FF141414FFA1
:1006F000141010101F00000000F010FFFFFFFFFF9C
:10070000F0F0F0F0F0FFFFFF0000000000FFFF0F2F
:100710000F0F0F0F3844443844FC4A4A4A347E02D3
:10072000020606027E027E02635549416338444454
:100730003C04407E201E2006027E020299A5E7A509
:10074000991C2A492A1C4C7201724C304A4D4D307A
:100750003048784830BC625A463D3E494949007E9F
:100760000101017E2A2A2A2A2A44445F4444405136
:100770004A444040444A51400000FF0103E080FFEA
:10078000000008086B6B083612362436060F090F76
:1007900006000018180000001010003040FF010192
:1007A000001F01011E00191D1712003C3C3C3C00BB
:1007B00000000000EF03038002CF0300C130ED040E
:1007C00064031281E803850078CB05392C003402DC
:1007D000F70120EA020000C00123C10110C5023E5A
:1007E00028C701863601483701003A0155B1020099
:1007F00018B603088227F20100260101E00F0F312D
:100800002B0C0E084EF1370710030E0900E10F0004
:100810000E1403110731C148080F0C31360F118037
:100820002980003D3D3D20526566726967657261B1
:10083000646F72614D6F6465726E6120544654201E
:1008400076352E30203D3D3D0020546D3D00204347
:100850003D002520503D0020483D002053503D00E4
:100860005D20543D005B0000002100240027002A89
:10087000002D003000330001010000040107010ACF
:1008800001000020002300260029002C002F003248
:10089000000001000003010601090100000A0B022B
:1008A000090C0D0E08070304010000000000000001
:1008B0000000000000000000000000000000000038
:1008C00000000000000000121110000000000000F5
:1008D0000000000000000000000000000000000018
:1008E0000002010210202008081020401020408043
:1008F00002010201080402010102040810204080E4
:100900008040201008040201800402018040201071
:1009100008040201080402010102040810204080BA
:100920000102040810204080000022002500280059
:100930002B002E00310034000201000005010801E7
:100940000B01050505050705080808080202020253
:100950000A0A08080404040401010101010101015B
:100960000303030303030303040707070C0C0C0C26
:100970000C0C0C0C0202020206060606060606060F
:100980000B0B0B0B0B0B0B0B8B2211241FBECFEF92
:10099000D1E2DEBFCDBF00E00CBF14E0A0E0B2E0CA
:1009A000EAE0FBE700E00BBF02C007900D92A23C1B
:1009B000B107D9F726E0A2ECB4E001C01D92AE3732
:1009C000B207E1F714E0C5ECD4E000E006C02197DF
:1009D0000109802FFE010E94913AC43CD10780E0BA
:1009E0000807A9F70E9458230C94833D0C9400003B
:1009F0008150823108F05AC0E82FF0E08827EC5F80
:100A0000FA4F8F4F0C94913A2405280516051C05C2
:100A1000200556052B05310535053B053F054305EA
:100A200049054D055605510557055B058091800028
:100A30008F77809380000895809180008F7DF9CF1B
:100A400080918000877FF5CF84B58F7784BD08952E
:100A500084B58F7DFBCF8091B0008F778093B000FD
:100A600008958091B0008F7DF9CF809190008F77AD
:100A7000809390000895809190008F7DF9CF8091B0
:100A80009000877FF5CF8091A0008F778093A000A2
:100A900008958091A0008F7DF9CF8091A000877F7D
:100AA000F5CF809120018F77809320010895809168
:100AB00020018F7DF9CF80912001877FF5CFCF93E3
:100AC000DF93282F30E0F901E556F74F8491F901C3
:100AD000EE51F74FD491F901EE5BF64FC491CC2360
:100AE000A1F081110E94F804EC2FF0E0EE0FFF1F3F
:100AF000EF57F74FA591B491EC91ED2381E090E091
:100B000009F480E0DF91CF91089580E090E0FACF82
:100B10001F93CF93DF93282F30E0F901E556F74F6D
:100B20008491F901EE51F74FD491F901EE5BF64F44
:100B3000C491CC23A9F0162F81110E94F804EC2F48
:100B4000F0E0EE0FFF1FE85DF64FA591B4918FB76F
:100B5000F894EC91111108C0D095DE23DC938FBF7F
:100B6000DF91CF911F910895DE2BF8CFCF93DF93C4
:100B700090E0FC01EE51F74F24918E5B964FFC0103
:100B800084918823C9F090E0880F991FFC01E959EE
:100B9000F74FA591B491FC01E85DF64FC591D49152
:100BA00061110DC09FB7F8948C91209582238C938E
:100BB0008881282328839FBFDF91CF9108956230D9
:100BC00051F49FB7F8943C91822F809583238C93A6
:100BD000E8812E2BEFCF8FB7F894EC912E2B2C932E
:100BE0008FBFEACF4F925F926F927F928F929F92C8
:100BF000AF92BF92CF92DF92EF92FF920F931F932B
:100C0000CF938C014A015B01809129028F3199F0C9
:100C10008F3F09F453C0CF911F910F91FF90EF9038
:100C2000DF90CF90BF90AF909F908F907F906F900C
:100C30005F904F900895E1EEF8E0C491C7FDEBCFCF
:100C400061E08FE10E94B6052801712C612CCC2354
:100C5000F1F0980150E040E0C23009F003C12801F2
:100C60003A0160E970ED83E090E00E943B37690152
:100C70007A0181E0C81AD108E108F10893E08FEF0A
:100C8000C816D104E104F10409F00CF49FC168E432
:100C900078EE81E090E0A30192010E943B37690168
:100CA0007A0181E0C81AD108E108F10894E0C11185
:100CB0008DC185B5887F836085BDE9C08FE1809354
:100CC0002902E1EEF8E0C4918C2FCF3F09F4A3CFC5
:100CD000C23009F468C060F4CC2379F1C13009F462
:100CE00044C087FD98CF61E08FE10E94B605B1CF87
:100CF000C43009F499C008F478C0C53091F7109257
:100D000020011092210180912101886080932101AE
:100D100080912101816080932101E1E6F9E0E49175
:100D2000F0E0EE0FFF1FE85DF64F85919491E1E052
:100D3000F9E0E491E0937D0583CF14BC15BC84B544
:100D4000826084BD85B5816085BDE1E6F9E0E4910E
:100D5000F0E0EE0FFF1FE85DF64F85919491E1E022
:100D6000F9E0E491E09384056BCF1092800010923B
:100D70008100809181008860809381008091810052
:100D8000816080938100E1E6F9E0E491F0E0EE0F0C
:100D9000FF1FE85DF64F85919491E1E0F9E0E49161
:100DA000E09383054DCF1092B0001092B100809176
:100DB000B00082608093B0008091B1008160809328
:100DC000B100E1E6F9E0E491F0E0EE0FFF1FE85D2D
:100DD000F64F859194919093820580938105E1E08F
:100DE000F9E0E491E09380052BCF109290001092EF
:100DF0009100809191008860809391008091910092
:100E0000816080939100E1E6F9E0E491F0E0EE0F7B
:100E1000FF1FE85DF64F85919491E1E0F9E0E491E0
:100E2000E0937F05C3E00CCF1092A0001092A100C8
:100E30008091A10088608093A1008091A1008160D1
:100E40008093A100E1E6F9E0E491F0E0EE0FFF1FEE
:100E5000E85DF64F85919491E1E0F9E0E491E0934B
:100E60007E05EECE60E072E18AE790E00E943B37BB
:100E700069017A0181E0C81AD108E108F108C1309E
:100E800079F580918100887F816080938100D8010D
:100E9000AA0FBB1FA50194010E945A3728EE33E028
:100EA00040E050E00E946537C23009F443C00CF0C6
:100EB00075C0CC2381F1C13009F0ADCED09289004C
:100EC000C09288002093950530939605409397052E
:100ED0005093980580916F00826080936F009BCE45
:100EE000C33039F480919100887F816080939100B4
:100EF000CECFC43039F48091A100887F8160809387
:100F0000A100C5CFC53019F680912101887F81608D
:100F100080932101BCCFC7BC2093990530939A05DB
:100F200040939B0550939C0580916E008260809356
:100F30006E0071CEC092B30020939105309392055C
:100F40004093930550939405809170008260809344
:100F5000700061CED0929900C092980020938D05C8
:100F600030938E0540938F055093900580917100CA
:100F70008260809371004FCED092A900C092A800E9
:100F80002093890530938A0540938B0550938C05F7
:100F9000809172008260809372003DCEC43061F314
:100FA000CCF2C53009F037CED0922901C092280189
:100FB00020938505309386054093870550938805D7
:100FC0008091730082608093730025CE8091B10080
:100FD000887F892B8093B1005ACF90917B00977FB7
:100FE00090937B008653806480937C0080917A008C
:100FF000806480937A0080917A0086FDFCCF809196
:1010000078009091790008953FB7F8948091790520
:1010100090917A05A0917B05B0917C0526B5A89B9F
:1010200005C02F3F19F00196A11DB11D3FBFBA2F7A
:10103000A92F982F8827BC01CD01620F711D811D3A
:10104000911D42E0660F771F881F991F4A95D1F7BF
:1010500008958F929F92AF92BF92CF92DF92EF92BC
:10106000FF924B015C010E9404086B017C010E940D
:1010700004086C197D098E099F09683E734081053B
:101080009105A8F321E0821A9108A108B10888EE21
:10109000C80E83E0D81EE11CF11C81149104A10448
:1010A000B10429F7FF90EF90DF90CF90BF90AF9001
:1010B0009F908F9008952FB7F89460917505709167
:1010C000760580917705909178052FBF08959091CE
:1010D000290289130DC0E1EEF8E0E4919FEF9093AF
:1010E0002902E230E1F038F4EE2381F0E13089F0BA
:1010F00060E00C948805E43049F110F1E530C1F767
:10110000909173009D7F90937300F2CF10926E00C8
:10111000EFCF90916F009D7F90936F00E9CF9091FA
:1011200070009D7F9093700091E09093B00090913B
:10113000B100987F94609093B1001092B300D8CF23
:10114000909171009D7F90937100D2CF9091720029
:101150009D7F90937200CCCFAF92BF92CF92DF92DF
:10116000EF92FF920F931F93CF93DF936C017B015C
:101170008B01040F151FEB015E01AE18BF08C017ED
:10118000D10759F06991D601ED91FC910190F08160
:10119000E02DC6011995892B79F7C501DF91CF9113
:1011A0001F910F91FF90EF90DF90CF90BF90AF9085
:1011B0000895FC01538D448D252F30E0842F90E05D
:1011C000821B930B541710F0CF9608950197089542
:1011D000FC01918D828D981761F0A28DAE0FBF2F0B
:1011E000B11D5D968C91928D9F5F9F73928F90E061
:1011F00008958FEF9FEF0895FC01918D828D9817D0
:1012000031F0828DE80FF11D858D90E008958FEF0C
:101210009FEF0895FC01918D228D892F90E0805CD5
:101220009F4F821B91098F73992708958DE995E04F
:101230000E940A0921E0892B09F420E0822F0895F9
:10124000FC01A48DA80FB92FB11DA35ABF4F2C913B
:10125000848D90E001968F739927848FA689B78932
:101260002C93A089B1898C91837080648C93938D29
:10127000848D981306C00288F389E02D80818F7DCC
:1012800080830895EF92FF920F931F93CF93DF9384
:10129000EC0181E0888F9B8D8C8D98131AC0E889B2
:1012A000F989808185FF15C09FB7F894EE89FF8981
:1012B0006083E889F98980818370806480839FBF1F
:1012C00081E090E0DF91CF911F910F91FF90EF901F
:1012D0000895F62E0B8D10E00F5F1F4F0F7311272F
:1012E000E02E8C8D8E110CC00FB607FCFACFE8896A
:1012F000F989808185FFF5CFCE010E942009F1CFC9
:10130000EB8DEC0FFD2FF11DE35AFF4FF0829FB7DD
:10131000F8940B8FEA89FB8980818062CFCF0F938D
:101320001F93CF93DF938C01D0E0C0E0F801EC0F66
:10133000FD1F6491662341F08DE995E00E9442090A
:10134000892B11F02196F2CFCE01DF91CF911F9121
:101350000F910895682F8DE995E00C944209CF9381
:10136000DF93EC01888D8823B9F0AA89BB89E889CD
:10137000F9898C9185FD03C0808186FD0DC00FB673
:1013800007FCF7CF8C9185FFF2CF808185FFEDCFF1
:10139000CE010E942009E9CFDF91CF91089580E02E
:1013A00090E0892B29F00E94160981110E9400000B
:1013B00080E090E0892B49F080E090E0892B29F0D3
:1013C0000E94000081110E94000080E090E0892BC3
:1013D00049F080E090E0892B29F00E940000811103
:1013E0000E94000080E090E0892B49F080E090E0CE
:1013F000892B29F00E94000081110C9400000895AF
:101400002091F904260F3327331F21323105ECF4E4
:1014100020911D05FC0190E080E0243069F082E01D
:101420000895A091F9042191AC0147525B4FA40F9C
:10143000B52FB11D2C930196861798F38091F9046E
:10144000680F6093F90480E0089581E0089508959D
:101450008FEF9FEF08958FEF9FEF08958091D20453
:1014600090E09195819591090895CF93DF93CB01F9
:10147000EA01642F0E94000ACE01DF91CF91089506
:10148000CF93DF931F92CDB7DEB7698361E0CE01C2
:1014900001960E94000A81E090E00F90DF91CF91C9
:1014A0000895FC01A5A1B6A18C9192A589238C93E6
:1014B000A5A1B6A18C9191A5892B8C9308950F932A
:1014C0001F93CF93DF93EC018B018DA981110DC088
:1014D0001EBD0DB407FEFDCF0EBD0DB407FEFDCF42
:1014E000DF91CF911F910F9108958130E9F480E150
:1014F000E9A1FAA1908117FF14C02DA1922B90832E
:10150000EBA1FCA190812FA1922B9083EBA1FCA1D8
:10151000908128A592239083000F111F815041F7DD
:10152000DFCF2EA19223EBCFEF8DF8A11083CE0158
:101530000E94510AEF8DF8A10083CE01DF91CF9177
:101540001F910F910C94510AFC0185A9811105C0CE
:101550006EBD0DB407FEFDCF08958130E1F488E043
:10156000A1A1B2A19C9167FF13C025A1922B9C93CE
:10157000A3A1B4A19C9127A1922B9C93660FA3A138
:10158000B4A19C9120A592239C93815049F7089582
:1015900026A19223ECCFA78DB0A16C93CF010C9420
:1015A000510ACF93DF93EC01ED8DFE8D80819CA9D4
:1015B00089238083CE010E94A40AED8DFE8D808157
:1015C0009BA9892B8083DF91CF910895AF92BF9221
:1015D000CF92DF92EF92FF920F931F93CF93DF93FF
:1015E000EC015B016A01215031097901E60EF71E19
:1015F00001501109040F151F8091060290910702F6
:101600008617970739F480910402909105028E1590
:101610009F05A1F06AE2CE010E94D10AB501CE0178
:101620000E945F0AB701CE010E945F0AB0920702D2
:10163000A0920602F0920502E0920402809102025A
:10164000909103028C159D0539F4809100029091D0
:10165000010280179107A1F06BE2CE010E94D10A2E
:10166000B601CE010E945F0AB801CE010E945F0A56
:10167000D0920302C0920202109301020093000272
:101680006CE2CE01DF91CF911F910F91FF90EF900F
:10169000DF90CF90BF90AF900C94D10AFC0185A948
:1016A000811104C091A182A19CBD8DBD08951F939D
:1016B000CF93DF93EC01162FE881F9810284F38543
:1016C000E02D1995112371F06DADCE010E94D10A64
:1016D000E881F9810688F789E02DCE01DF91CF916D
:1016E0001F9119946EADF1CFAF92BF92CF92DF925E
:1016F000EF92FF920F931F93CF93DF93EC0177FD4F
:1017000038C088859985681779079CF557FD31C0E1
:101710008A859B854817590764F569017A015B0141
:10172000E881F9810284F385E02DCE011995E881E5
:10173000F98102A4F3A5E02D01E010E021E030E002
:10174000A701B501CE011995B601CE010E945F0A2D
:10175000E881F9810688F789E02DCE01DF91CF91EC
:101760001F910F91FF90EF90DF90CF90BF90AF90BF
:101770001994DF91CF911F910F91FF90EF90DF901F
:10178000CF90BF90AF9008958F929F92AF92BF92EB
:10179000CF92DF92EF92FF920F931F93CF93DF933D
:1017A000EC0149015701E881F98102A4F3A5E02D7C
:1017B00019959401D8010E94993A6B017C01C114DA
:1017C000D104E104F10409F490C08DA9811115C080
:1017D00081E0C81AD108E108F1088FEFC816D806D1
:1017E000E806F80609F481C0BEBC0DB407FEFDCFC3
:1017F000AEBC0DB407FEFDCFEBCF813009F045C084
:1018000081E0C81AD108E108F1088FEFC816D806A0
:10181000E806F80609F469C09B2D88E0E9A1FAA161
:10182000208197FF2CC03DA1232B2083EBA1FCA19D
:1018300020813FA1232B2083EBA1FCA1208138A58F
:1018400023232083990F815049F79A2D88E0E9A13D
:10185000FAA1208197FF16C03DA1232B2083EBA185
:10186000FCA120813FA1232B2083EBA1FCA120819F
:1018700038A523232083990F815049F7C1CF3EA17A
:101880002323D3CF3EA12323E9CFBA1016C0CC0C1B
:10189000DD1CEE1CFF1CEF8DF8A1B08281E0C81AA0
:1018A000D108E108F1088FEFC816D806E806F80657
:1018B000E1F0CE010E94510AF1CF81E0C81AD108AF
:1018C000E108F1088FEFC816D806E806F80669F0B7
:1018D000EF8DF8A1B082CE010E94510AEF8DF8A1E0
:1018E000A082CE010E94510AE8CFDF91CF911F91D3
:1018F0000F91FF90EF90DF90CF90BF90AF909F90AF
:101900008F9008958F929F92AF92BF92CF92DF9265
:10191000EF92FF920F931F93CF93DF934C01EB0154
:101920006A01590137FF07C0C9010196C80FD91FC5
:10193000B194A194B108F401A085B185CA17DB0761
:101940000CF058C017FF07C0C8010196C80ED91E79
:10195000119501951109F40182859385C816D90660
:101960000CF048C0FE01EA0DFB1DAF0141505109CA
:1019700057FD40C0B601600F711F9B012150310916
:1019800037FD38C0D7FF03C05F01D0E0C0E0D7FE0D
:1019900003C08B01D12CC12C4A175B071CF05D01E1
:1019A000AC1ABD0A281739071CF08C010C191D0947
:1019B000D401ED91FC910284F385E02DC4011995C9
:1019C0009501A601BE01C4010E94C40BD401ED9192
:1019D000FC910688F789E02DC401DF91CF911F911A
:1019E0000F91FF90EF90DF90CF90BF90AF909F90BE
:1019F0008F901994DF91CF911F910F91FF90EF90ED
:101A0000DF90CF90BF90AF909F908F900895EF920E
:101A1000FF920F931F932115310529F00115110530
:101A200011F00E94820C1F910F91FF90EF9008958A
:101A30008F929F92AF92BF92CF92DF92EF92FF92DE
:101A40000F931F93CF93DF935C014B016A01E90170
:101A500077FD52C0DC0118968D919C91681779072B
:101A60000CF04AC0209709F447C037FF07C0C901EE
:101A70000196C80ED91ED195C195D109F50182856F
:101A80009385C816D906C4F5A6014C0F5D1F9A01AF
:101A90002150310937FD30C0D7FE03C0EA01D12CF7
:101AA000C12C281739071CF0EC01CC19DD09D50130
:101AB000ED91FC910284F385E02DC5011995780123
:101AC0008E0121E030E0A601B401C5010E94C40BE3
:101AD000D501ED91FC910688F789E02DC501DF91D4
:101AE000CF911F910F91FF90EF90DF90CF90BF901B
:101AF000AF909F908F901994DF91CF911F910F918C
:101B0000FF90EF90DF90CF90BF90AF909F908F901D
:101B100008958F929F92AF92BF92CF92DF92EF92F1
:101B2000FF920F931F93CF93DF935C016B014A01E8
:101B3000E90157FD52C0DC011A968D919C9148171E
:101B400059070CF04AC0209709F447C037FF07C077
:101B5000C9010196C80ED91ED195C195D109F501CB
:101B600080859185C816D906C4F5A6014C0F5D1F66
:101B70009A012150310937FD30C0D7FE03C0EA0178
:101B8000D12CC12C281739071CF0EC01CC19DD0928
:101B9000D501ED91FC910284F385E02DC5011995E5
:101BA000780101E010E09E01A401B601C5010E9488
:101BB000C40BD501ED91FC910688F789E02DC50194
:101BC000DF91CF911F910F91FF90EF90DF90CF9019
:101BD000BF90AF909F908F901994DF91CF911F91FC
:101BE0000F91FF90EF90DF90CF90BF90AF909F90BC
:101BF0008F900895EF92FF920F931F93CF93DF93EF
:101C000077FD32C0DC011896ED91FC916E177F07CD
:101C10005CF52115310541F137FF07C0F901319617
:101C20004E0F5F1F319521953109DC011A96ED9118
:101C3000FC914E175F07C4F4EA01C20FD31FDE0107
:101C40001197B7FD11C057FF03C09E0150E040E05F
:101C5000AE17BF071CF09F01241B350B78018901CB
:101C600021E030E00E94C40BDF91CF911F910F91D2
:101C7000FF90EF9008952F923F924F925F926F9254
:101C80007F928F929F92AF92BF92CF92DF92EF920C
:101C9000FF920F931F93CF93DF93CDB7DEB72C97AF
:101CA0000FB6F894DEBF0FBECDBF3C017C836B83C3
:101CB0005C874B871801270181E090E05C01A41A42
:101CC000B50ACA01919581959109AC01440F551F40
:101CD0005A834983C80101969E838D83F12CE12CA0
:101CE00088248394912C922F91709F83227028874F
:101CF000AB014F5F5F4F5A8749878B859C85E816FC
:101D0000F9060CF07AC0CB84DC84B7FC0CC06C0103
:101D100091E0C91AD10849815A814E5F5F4F5A83B9
:101D20004983A40EB51E5FEFE51AF50A82E0880E1E
:101D3000911CA80CB91CCE14DF0464F19F81992377
:101D400099F09601220F331F4D815E81240F351FBC
:101D500082014B815C814C195D09B701660D771DCD
:101D60008BE396E00E94FA0D5885552399F0960171
:101D7000220F331F8D819E81280F391F82014B81D5
:101D80005C814C195D09B3016E197F098BE396E004
:101D90000E94FA0D4B855C854C155D0559F15F81FC
:101DA000552391F0940122503109220D331D8201F7
:101DB00049855A854E195F096B857C85660D771DAF
:101DC0008BE396E00E94FA0D8885882399F09401B0
:101DD00022503109220D331DB3014B855C85641BF4
:101DE000750B820149855A854E195F098BE396E090
:101DF0000E94FA0DDC86CB8680CF2C960FB6F89425
:101E0000DEBF0FBECDBFDF91CF911F910F91FF902D
:101E1000EF90DF90CF90BF90AF909F908F907F908A
:101E20006F905F904F903F902F900895EF92FF92A8
:101E30000F931F93CF93DF9357FD31C0DC011A96A8
:101E4000ED91FC914E175F0754F52115310539F1DD
:101E500037FF07C0F90131966E0F7F1F319521952D
:101E60003109DC011896ED91FC916E177F07BCF4E7
:101E7000EB01C20FD31FDE011197B7FD10C077FF32
:101E800003C09E0170E060E0AE17BF071CF09F0129
:101E9000261B370B780101E010E00E94C40BDF9194
:101EA000CF911F910F91FF90EF9008958F929F9285
:101EB000AF92BF92CF92DF92EF92FF920F931F9358
:101EC000CF93DF9347012115310509F44BC001156C
:101ED000110509F447C037FF07C0F90131966E0FAD
:101EE0007F1F319521953109DC011896AD90BC908A
:101EF0006A157B05BCF517FF07C0F80131964E0F38
:101F00005F1F119501951109DC011A96ED91FC9165
:101F10004E175F073CF56B01C20ED31EE6012197F9
:101F2000D7FD20C07A01E00EF11ED7011197B7FD51
:101F300019C077FF03C0960170E060E057FF03C04F
:101F4000870150E040E0CA15DB051CF09501261B17
:101F5000370BAE17BF071CF08F01041B150B740164
:101F60000E94C40BDF91CF911F910F91FF90EF90D2
:101F7000DF90CF90BF90AF909F908F900895EF9299
:101F8000FF920F931F93CF93DF93EC0177FD22C055
:101F90008885998568177907ECF457FD1BC08A85F9
:101FA0009B8548175907B4F47901E881F98102A4A7
:101FB000F3A5E02D01E010E021E030E0CE0119951D
:101FC000B701CE01DF91CF911F910F91FF90EF905C
:101FD0000C945F0ADF91CF911F910F91FF90EF90CA
:101FE0000895CF93DF93EC010E944E0B8FA987FDDC
:101FF00006C0EB8DFC8D80819AA989238083DF91B7
:10200000CF9108950895AF92BF92CF92DF92EF9251
:10201000FF920F931F93CF93DF93EC01E62E8A017B
:10202000A22E0E944E0B8FA987FD06C0EB8DFC8D62
:1020300080819AA989238083ED8DFE8D80819CA962
:10204000892380836E2DCE010E94A40AED8DFE8D22
:1020500080819BA9892B8083D12CC12CB12CCA14DF
:10206000DB04E4F48DA97801823079F488A988230F
:1020700061F0F801619171917F01CE010E945F0AC8
:10208000FFEFCF1ADF0A8701EACFFFEFEF1AFF0A4F
:10209000F8016491CE010E94A40AF2CF8FA987FDB6
:1020A00006C0EB8DFC8D808199A9892B8083DF91FF
:1020B000CF911F910F91FF90EF90DF90CF90BF9045
:1020C000AF900895611106C060E220E050E040E06A
:1020D0000C94031061E2F9CF0F931F93CF93DF931A
:1020E0001F92CDB7DEB78C016370DC0156966C93FE
:1020F0005697623009F468C0633009F46AC06130F1
:1021000009F456C088E4898380EF90E019969C9387
:102110008E93189780E491E01B969C938E931A9768
:10212000C8010E944E0BD801D7968C91D79787FD96
:1021300009C05B96ED91FC915C978081D2969C9151
:1021400089238083D8015D96ED91FC915E97808113
:10215000D4969C918923808366E3C8010E94A40AD7
:10216000D8015D96ED91FC915E978081D3969C910C
:10217000D397892B8083D5968C91823061F16981C8
:10218000C8010E94A40AD801D7968C91D79787FDE1
:1021900009C05B96ED91FC915C978081D1969C91F2
:1021A000892B80830F90DF91CF911F910F9108951C
:1021B00088E2898380E491E0F8019187808780EF4D
:1021C00090E093878287ACCF88E8898380EF90E0A6
:1021D0009DCF88EEEECFF80180A9882381F2698136
:1021E0007A81C8010E945F0ACECFFC0187A987FDD2
:1021F00006C0A38DB48D9C9181A9892B8C930895E1
:10220000AF92BF92CF92DF92EF92FF920F931F9304
:10221000CF93DF936C015B01EA0179018BE396E0D8
:102220000E94F10F9E01220F331F2F5F3F4FA50128
:102230004C1B5D0B8701B6018BE396E00E94FA0D03
:1022400010E000E023E0AE01B501C6010E943B0EA4
:102250008BE396E0DF91CF911F910F91FF90EF906C
:10226000DF90CF90BF90AF900C94F5100895FC01D3
:102270006370668B8481958126813781613039F066
:10228000633029F0918780873387228708953187CB
:1022900020879387828708952F923F924F925F9273
:1022A0006F927F928F929F92AF92BF92CF92DF9266
:1022B000EF92FF920F931F93CF93DF93CDB7DEB7CB
:1022C0006A970FB6F894DEBF0FBECDBF9A8F898F85
:1022D0007A8369834A01D22E18870F833701BC2C79
:1022E000DC0159962D913C915A972115310509F041
:1022F00015C118968D919C911997681779070CF064
:10230000D7C11A968D919C91481759070CF0D0C1EE
:102310004C2C512CB6E0CB9E600D711D11247C8796
:102320006B87161617060CF0C3C1EA2DF0E0FA878A
:10233000E98793E0EE0FFF1F9A95E1F7F88BEF879F
:10234000CF01840F951F181619060CF0B1C1A98D85
:10235000BA8D58968C91811104C0BFEABD1508F45E
:10236000D394A98DBA8DED91FC9111970284F385D8
:10237000E02DCD011995B5E0DB9EC0011124E98166
:10238000FA81FC83EB83312C212C9C012C543D4F92
:10239000388F2F8B4A2D50E05E8B4D8BEF89F88D57
:1023A000E20DF31D44919E828D82D12CC12C698156
:1023B0007A81620D731D7A8B698B842F90E09C8BE0
:1023C0008B8BE98DFA8DA081B18140FF82C0F1E055
:1023D000BF126FC0AF126DC01C96ED91FC912F81A2
:1023E0003885A4014C0D5D1D69897A89898D9A8D86
:1023F0001995EB89FC89F595E7954E2F5FEFC51A86
:10240000D50A6D817E818D899E89680F791F7E83B3
:102410006D8398E0C916D10481F6AFEF2A1A3A0A03
:10242000EB81FC81E40DF51DFC83EB83F5E02F16B9
:10243000310409F0B3CF2F81388526153705B9F05F
:10244000A98DBA8DED91FC91B1E0BB1257C0AB12D2
:1024500055C069817A816B5F7F4F0088F189E02DDB
:10246000830128E030E0A401898D9A8D1995A98D0A
:10247000BA8DED91FC9111970688F789E02DCD0179
:102480006A960FB6F894DEBF0FBECDBFDF91CF9135
:102490001F910F91FF90EF90DF90CF90BF90AF9082
:1024A0009F908F907F906F905F904F903F902F9074
:1024B00019941E96ED91FC91EF80F88409851A8598
:1024C00092014D815E816B817C81898D9A8D1995F8
:1024D00090CF2F8138852615370509F48ACF31E052
:1024E000B31207C0A31205C01C96ED91FC91930195
:1024F00078CF1E96ED91FC917301E0CF6B857C85C2
:10250000641975090684F785E02D73010F85188914
:102510009201A401898D9A8D1995A9CFF90134965C
:102520009491329745915491D91AB7E0DB9E400DB2
:10253000511D1124F901259134913C8B2B8BFA010B
:1025400025903490FA013296749031963491398BFB
:10255000329664903196449041E04C1518F04A153B
:1025600008F07FC0662D062C000C770B7C836B83F4
:10257000842D042C000C990B9E838D83A98DBA8D1C
:10258000ED91FC9111970284F385E02DCD01199511
:10259000512CD12CC12CEA2DF0E0FA87E9872B2DA4
:1025A00030E03C872B87A401440D511D47FC5A9510
:1025B000588F4F8B69817A81660D711D67FC7A9502
:1025C0007E876D877989C71608F051CF2C2D30E0B2
:1025D0004D815E81420F531FA985BA854A9FC00174
:1025E0004B9F900D5A9F900D1124FC01E80DF91D91
:1025F000F88BEF87852D612C4F89588D420F531F23
:102600005E8B4D8B671408F050C044244394480EF1
:10261000877041F4C1010196EB89FC89E20DF31D3D
:10262000D4901C01D7FE19C0A98DBA8DED91FC91F3
:10263000662D70E0B1E0BB1219C0AB1217C02D853A
:102640003E85620F731F0484F585E02D2F81388548
:102650004D895E89898D9A8D1995DD0C6394842D41
:10266000D1CF1E821D821C821B8288CF4B815C8150
:10267000640F751FAB85BC856A9FC0016B9F900D71
:102680007A9F900D112469817A81680F791F0684E1
:10269000F785E02DEF80F88409851A859D014F8527
:1026A0005889898D9A8D1995D8CF570CC3948ACFA4
:1026B0006A960FB6F894DEBF0FBECDBFDF91CF9103
:1026C0001F910F91FF90EF90DF90CF90BF90AF9050
:1026D0009F908F907F906F905F904F903F902F9042
:1026E00008958F929F92AF92CF92EF92FF920F93A5
:1026F0001F93CF93DF93EC01262F898D9A8D00973E
:1027000009F051C06A30D1F41D861C868D8948E0DD
:10271000849F900111248E859F85820F931F9F8730
:102720008E8781E090E0DF91CF911F910F91FF9014
:10273000EF90CF90AF909F908F9008956D3089F378
:10274000CC88AD888F898823C1F08C859D8536E043
:10275000C39E800D911D112448855985481759073E
:1027600064F44E855F851D861C8638E0A39EC001FB
:102770001124840F951F9F878E87EA88FB8808891C
:1027800019894E855F856C857D85CE010E944C112F
:102790002C898C859D8546E0249F800D911D1124F8
:1027A0009D878C87BECF6A3069F41D861C86FC012C
:1027B0003896E4912D898E859F85E29F800D911D2D
:1027C0001124ADCF6D3009F4ACCFFC0134963491B7
:1027D000631708F4A6CF3296E491E61708F4A1CF68
:1027E000FC01329685909490462F431B342F47E08E
:1027F000349F800C911C1124F4013296349131964F
:10280000E4913323A9F1EE2399F1CC88F4013596B4
:10281000E491AD884F89442301F10E2E000CFF0B8B
:10282000E30FF11DCE9EA001CF9E500D11246C85AB
:102830007D85460F571F68857985641775076CF489
:102840004E855F851D861C86FC013896E491AE9E00
:10285000400D511D11245F874E87EA88FB88088947
:1028600019894E855F856C857D85CE010E944C114E
:10287000F4013496E4912C898C859D85E29F800D2E
:10288000911D11248DCF6F927F928F929F92AF9264
:10289000BF92CF92DF92EF92FF920F931F93CF934D
:1028A000DF93EC016B015A0139014801E881F9819C
:1028B0000284F385E02D1995E881F9810288F38976
:1028C000E02D87019301A501B601CE011995A5015F
:1028D000480D591D41505109E881F9810288F38959
:1028E000E02D9301B601CE011995E881F9810088A8
:1028F000F189E02D9401A501B601CE011995C60C10
:10290000D71CB60161507109E881F9810088F1890D
:10291000E02D9401A501CE011995E881F981068881
:10292000F789E02DCE01DF91CF911F910F91FF909C
:10293000EF90DF90CF90BF90AF909F908F907F905F
:102940006F9019946F927F928F929F92AF92BF92E5
:10295000CF92DF92EF92FF920F931F93CF93DF936B
:102960005C01EB016A01490138018701DC01ED914D
:10297000FC916217730719F5641675062CF0962DF5
:10298000872D3A01C92ED82E9601261937092F5FB7
:102990003F4F048CF58DE02DA301BE01C5011995B3
:1029A000DF91CF911F910F91FF90EF90DF90CF902B
:1029B000BF90AF909F908F907F906F900895461535
:1029C000570591F42617370724F0892D4B01C22FA4
:1029D000D82F9E01281939092F5F3F4F068CF78D9C
:1029E000E02DA601B401DACF0284F385E02D19951C
:1029F000D501ED91FC910488F589E02D83019401C6
:102A0000A601BE01C5011995D501ED91FC9106887D
:102A1000F789E02DC501DF91CF911F910F91FF90B4
:102A2000EF90DF90CF90BF90AF909F908F907F906E
:102A30006F901994EF92FF920F931F93DC011A96F7
:102A40000D911C911B9718962D913C911997ED9122
:102A5000FC9100A0F1A1E02D7B0150E040E070E08E
:102A600060E019951F910F91FF90EF9008954F929C
:102A70005F926F927F928F929F92AF92BF92CF920E
:102A8000DF92EF92FF920F931F93CF93DF936C012E
:102A90002B015A0139014801DC01ED91FC910284BE
:102AA000F385E02D1995E201640C751CD601ED91BA
:102AB000FC91C615D7055CF40088F189E02D8701EB
:102AC0009401A501BE01C60119952196EFCF068894
:102AD000F789E02DC601DF91CF911F910F91FF90F3
:102AE000EF90DF90CF90BF90AF909F908F907F90AE
:102AF0006F905F904F9019948F929F92AF92BF9278
:102B0000CF92DF92EF92FF920F931F93CF93DF93B9
:102B1000EC015B014A016901E881F9810284F385D6
:102B2000E02D199595012C0D3D1D21503109E881AD
:102B3000F9810488F589E02D78018401A401B501AB
:102B4000CE011995E881F9810688F789E02DCE013B
:102B5000DF91CF911F910F91FF90EF90DF90CF9079
:102B6000BF90AF909F908F9019948F929F92AF9249
:102B7000BF92CF92DF92EF92FF920F931F93CF936A
:102B8000DF93EC015B014A0169017801E881F98179
:102B90000284F385E02D1995C80CD91C86010150DB
:102BA0001109E881F9810488F589E02D9501A401D6
:102BB000B501CE011995E881F9810688F789E02DE4
:102BC000CE01DF91CF911F910F91FF90EF90DF9099
:102BD000CF90BF90AF909F908F901994EF92FF92FB
:102BE0000F931F93DC01ED91FC9100A0F1A1E02D6A
:102BF00019951F910F91FF90EF9008950F931F93D8
:102C0000DC01ED91FC91068CF78DE02D19951F915B
:102C10000F9108950F931F93DC01ED91FC91048CAB
:102C2000F58DE02D19951F910F910895DC01ED911F
:102C3000FC910084F185E02D19942F923F924F92E0
:102C40005F926F927F928F929F92AF92BF92CF923C
:102C5000DF92EF92FF920F931F93CF93DF9300D0F9
:102C600000D0CDB7DEB73C016A013E832D83FC82E4
:102C7000EB825801A41AB50AB7FE03C0B194A1941F
:102C8000B1088D809E80861A970A97FE03C09194A2
:102C9000819491088A149B045CF0902F812F0D8100
:102CA0001E819D838E839C2D8D2D6B01692F782F26
:102CB0000C151D055CF09D818E817E836D83692FCF
:102CC000782F902F812F8601C92ED82E1601201A19
:102CD000310A2B012D813E81421A530A57FE03C04F
:102CE000519441945108710137FE03C03FEFE31A3C
:102CF000F30AF594E7948D819E81861797075CF51A
:102D0000A1E0B0E0BA83A983C016D1064CF1D3018B
:102D1000ED91FC910484F585E02D2B813C81A80187
:102D20006D817E818A149B041CF04D815E81B80107
:102D3000C3011995E418F508F7FE0AC02D813E81FC
:102D400089819A81280F391F3E832D83E20CF31C61
:102D50000F5F1F4FD9CF2FEF3FEF3A832983D4CF97
:102D600026960FB6F894DEBF0FBECDBFDF91CF9190
:102D70001F910F91FF90EF90DF90CF90BF90AF9099
:102D80009F908F907F906F905F904F903F902F908B
:102D90000895089590E080E008952F923F924F9219
:102DA0005F926F927F928F929F92AF92BF92CF92DB
:102DB000DF92EF92FF920F931F93CF93DF9300D098
:102DC0001F92CDB7DEB71C012B015A0169014801E2
:102DD000421753070CF069C05A83498357FF05C057
:102DE0009A012F5F3F4F3A83298389819A81959574
:102DF00087959C838B83049724F024E030E03C8308
:102E00002B838BE396E00E94F10F6B807C80660C35
:102E1000771C2B813C81220D331D3A832983950138
:102E20002619370974018601A20169817A818BE331
:102E300096E00E94560FC618D70831E0C31AD10891
:102E40008B819C81480E591EA20CB31CC5012B819D
:102E50003C81821B930B860121E04B815C81B20196
:102E600001970E943B0E22E04B815C81B201898177
:102E70009A810E943B0E8BE396E00F900F900F908B
:102E80000F90DF91CF911F910F91FF90EF90DF9006
:102E9000CF90BF90AF909F908F907F906F905F90FA
:102EA0004F903F902F900C94F51084E090E09C831D
:102EB0008B83A7CF0F931F93CF93DF93EB010E94D8
:102EC0005F05892B31F080E0DF91CF911F910F9149
:102ED00008950E945B08CC0FDD1FCC0FDD1FCE5381
:102EE000DB4F088119812A813B81601B710B820BAA
:102EF000930B653B71058105910528F30E945B08E2
:102F0000688379838A839B8381E0DECFFB01019014
:102F10000020E9F73197AF01461B570BDC01ED911B
:102F2000FC910280F381E02D19948F929F92AF92D1
:102F3000BF920F931F93CF93DF93CDB7DEB7A197C7
:102F40000FB6F894DEBF0FBECDBF19A2423008F411
:102F50004AE08E010F5D1F4F842E912CB12CA12CC5
:102F6000A50194010E946537E62FB901CA01EA3034
:102F700004F5E05DD801EE938D01232B242B252B46
:102F800079F790E080E0109729F0BD018DE995E098
:102F90000E948617A1960FB6F894DEBF0FBECDBF74
:102FA000DF91CF911F910F91BF90AF909F908F9025
:102FB0000895E95CDFCF0C94861720934F06209389
:102FC000500650934C0640934B0610924E061092BA
:102FD0004D06FC0101900020E9F73197E81BF90B41
:102FE00046E0429FD001439FB00D1124AE9FA00147
:102FF000AF9F500DBE9F500D112420EF30E0241BD9
:10300000350B37FF02C02F5F3F4F35952795309323
:1030100048062093470670934A0660934906BC0110
:103020008BE396E00C94DB1720934F062093500619
:1030300050934E0640934D0650934C0640934B06DA
:10304000FC0101900020E9F73197E81BF90B46E0FD
:10305000429FD001439FB00D1124AE9FA001AF9FAE
:10306000500DBE9F500D112420EF30E0241B350B76
:1030700037FF02C02F5F3F4F3595279530934806A5
:103080002093470670934A0660934906BC018BE380
:1030900096E00C94DB178F929F92AF92BF92CF92E3
:1030A000DF92EF92FF92CF93DF936B017C01AC0133
:1030B0009B010E94DC396CE672E0811126C046015A
:1030C0005701E894B7F82FEF3FEF4FE75FE7C501EF
:1030D000B4010E94DC3981110CC02FEF3FEF4FE7A4
:1030E0005FE7C501B4010E94033860E772E018167B
:1030F00064F02FEF3FEF4FE75FE4C701B6010E9496
:103100006239181684F464E772E08DE995E0DF9186
:10311000CF91FF90EF90DF90CF90BF90AF909F90B6
:103120008F900C9486172FEF3FEF4FE75FECC701AE
:10313000B6010E94033887FDE6CF20E030E0A90108
:10314000C701B6010E940338D0E0C0E087FF08C085
:103150008DE20E94AA09EC01F7FAF094F7F8F094D6
:103160002DEC3CEC4CE45DE3C701B6010E949737BF
:103170004B015C010E9481386B017C010E94B038D8
:103180009B01AC01C501B4010E9496374B015C0163
:103190004AE0C701B6010E949517C80FD91F8EE2F9
:1031A0000E94AA09C80FD91F20E030E040E251E494
:1031B000C501B4010E9467390E94813890E080E027
:1031C0004AE00E9495178C0F9D1FDF91CF91FF90D1
:1031D000EF90DF90CF90BF90AF909F908F90089529
:1031E000EF92FF920F931F93CF93DF9300D000D005
:1031F00000D01F92CDB7DEB788E0E82E82E4F82E2B
:103200000CE110E020EF30E050E040E070E060E0E2
:103210008BE396E00E94820C21E030E04FEF5FEFFD
:103220006AE070E088E792E00E941418F12CE12C2B
:1032300002E810E028EC30E048E250E064E170E0A1
:103240008BE396E00E94820C80916A05882309F442
:1032500053C023E030E040EE5FEF62E370E085E8CA
:1032600092E00E94DD1721E030E04FEF5FEF64E66F
:1032700070E082E992E00E94DD1700EE17E02CE199
:1032800030E040EA50E062E870E088E290E00E94BE
:10329000CD1621E030E04FEF5FEF6AE870E084EA9E
:1032A00092E00E94141880915A052091580530919F
:1032B0005905811104C020911F02309120023093E2
:1032C00016022093150280934E0580916A05809323
:1032D0004D058FEF9FEF90931402809313022A966F
:1032E0000FB6F894DEBF0FBECDBFDF91CF911F9117
:1032F0000F91FF90EF90089580915A058E010F5F16
:103300001F4F882309F47AC0809158059091590580
:103310006CE370E00E94693A9F938F937F936F9361
:103320008CEE92E09F938F931F930F930E94AD3A80
:1033300084E080934F068093500680EE97E0909350
:103340004C0680934B0610924E0610924D068DE16E
:1033500090E0909348068093470682E390E0909334
:103360004A0680934906B8018BE396E00E94DB177A
:1033700022E030E040EE57E064E670E08BEB92E054
:103380000E94DD1740911F02509120028091580544
:10339000909159050FB6F894DEBF0FBECDBFF12C4A
:1033A000E12C1416150674F4DA01A81BB90B28ECED
:1033B00030E00E94A13A9A01550F440B550B0E9430
:1033C0003B37790108E012E42EE030E048EC50E0B1
:1033D00061E970E084E190E00E94CD161E141F04A4
:1033E0000CF061CF00EE17E02EE030E0A70161E9BC
:1033F00070E084E190E00E94CD1655CF80911F02CD
:10340000909120026CE370E00E94693A9F938F9341
:103410007F936F938CEE92E09F938F931F930F9304
:103420000E94AD3A84E080934F06809350068FEF60
:1034300097E090934C0680934B0610924E061092A4
:103440004D068DE190E0909348068093470682E315
:1034500090E090934A0680934906B8018BE396E08A
:103460000E94DB1721E030E048E156EC6EE670E0A8
:1034700088EC92E00E94DD170FB6F894DEBF0FBE15
:10348000CDBF11CFAF92BF92CF92DF92EF92FF925A
:103490000F931F93CF93DF9300D000D000D0CDB710
:1034A000DEB788E0E82E82E4F82E0CE110E020EF91
:1034B00030E050E040E070E060E08BE396E00E9496
:1034C000820C21E030E04FEF5FEF6AE070E081EEC8
:1034D00092E00E941418809152051F928F93809160
:1034E00053051F928F9380911D021F928F9387EE39
:1034F00092E09F938F93CE0101965C019F938F93EF
:103500000E94AD3A9BE3C92E96E0D92E84E0F601E5
:10351000848B858B8FEF9FEF938B828B918B808B2E
:10352000F12CE12C00E210E020EC30E04DE250E024
:1035300068E170E0C6010E94820C88E190E0F6012B
:10354000958784878DE290E097878687B501C601CD
:103550000E94DB17EE24EA9427E0F22E02E010E04E
:1035600024EB30E049E650E06EE170E0C6010E94D5
:10357000820C24EB30E04BE950E06EE170E0C601D4
:103580000E94820C80911D0280931202809153054B
:103590008093110280915205809310028095817072
:1035A00080934C050FB6F894DEBF0FBECDBF2996B1
:1035B0000FB6F894DEBF0FBECDBFDF91CF911F9144
:1035C0000F91FF90EF90DF90CF90BF90AF90089554
:1035D000AF92BF92CF92DF92EF92FF920F931F9321
:1035E000CF93DF93CDB7DEB760970FB6F894DEBF09
:1035F0000FBECDBF80916E0581113EC281E198E082
:103600007C010CE110E020EF30E050E040E070E0A1
:1036100060E08BE396E00E94820C80916E05811140
:103620002EC280E893E021E030E04FEF5FEF6AE0E8
:1036300070E00E941418609170057091710580917E
:103640007205909173059E012F5F3F4F69018901BB
:1036500021E044E00E94CC34F60101900020E9F71B
:103660003197EC19FD098EE18E9F90018F9F300DEF
:103670001124245C3F4F60EF70E0621B730B77FFF7
:1036800002C06F5F7F4F5B01B594A794265F3F4FE9
:10369000F12CE12C08E210E04DE250E0B5018BE3A3
:1036A00096E00E94070D85E080934F0680935006B8
:1036B00080916B058111E6C180EE97E090934E06F4
:1036C00080934D0690934C0680934B0635E0A30EF5
:1036D000B11CB0924806A092470682E390E0909316
:1036E0004A06809349066AE273E08BE396E00E9403
:1036F000DB17B6018BE396E00E94DB176DE273E007
:103700008BE396E00E94DB1780916B0508E012E4E2
:10371000882311F000E018EF28E130E040E550E0A8
:1037200064E670E08EE190E00E94CD1681E0809327
:103730004F06809350068FEF9FEF90934E06809335
:103740004D0690934C0680934B0688E290E0909350
:103750004806809347068CE690E090934A06809353
:1037600049066FE273E08BE396E00E94DB178091DD
:103770006B056CE973E0882311F063E973E08BE378
:1037800096E00E94DB1780916E0500EE17E088231B
:1037900011F00FE110E028E130E040E550E064E690
:1037A00070E082E890E00E94CD1681E080934F06A1
:1037B000809350068FEF9FEF90934E0680934D06B7
:1037C00090934C0680934B068CE890E090934806CB
:1037D000809347068CE690E090934A0680934906D2
:1037E00080916E056DE073E0882311F066E073E070
:1037F0008BE396E00E94DB17609121027091220218
:1038000080912302909124028E01075F1F4F21E0D7
:1038100044E00E94CC34F12CE12C04E110E028E7D4
:1038200030E047E850E064E170E08BE396E00E940E
:10383000820C82E080934F06809350068FEF97E0D2
:1038400090934E0680934D0690934C0680934B06C2
:1038500084E190E0909348068093470689E890E0E1
:1038600090934A068093490666E373E08BE396E003
:103870000E94DB17BE01675F7F4F8BE396E00E94DB
:10388000DB176DE273E08BE396E00E94DB170EE03E
:1038900010E024E630E045EA50E064E170E08BE3BC
:1038A00096E00E94820C81E080934F068093500640
:1038B00020916B0580EE97E0222311F080E098EFD5
:1038C00090934E0680934D0690934C0680934B0642
:1038D00084E190E0909348068093470687EA90E061
:1038E00090934A068093490660E273E0222311F028
:1038F00064E173E08BE396E00E94DB1780916E0534
:1039000008E012E4882311F00FE110E022E130E03A
:1039100040E550E06AED70E090E080E00E94CD1656
:1039200081E080934F06809350068FEF9FEF909336
:103930004E0680934D0690934C0680934B068AE08A
:1039400090E0909348068093470680EE90E0909335
:103950004A06809349066AE373E08BE396E00E948F
:10396000DB1780916B0508E012E4882311F000E07A
:1039700018EF22E130E040E550E06AED70E080E5CC
:1039800090E00E94CD168AE590E0909348068093DF
:10399000470680EE90E090934A068093490661E4E2
:1039A00073E08BE396E00E94DB1780916F0508E0DF
:1039B00012E4882311F000E21DEF22E130E040E53F
:1039C00050E06AED70E080EA90E00E94CD168AEA4D
:1039D00090E0909348068093470680EE90E09093A5
:1039E0004A068093490666E473E08BE396E00E9402
:1039F000DB178091700590917105A0917205B091CF
:103A0000730580930C0290930D02A0930E02B09365
:103A10000F028091210290912202A0912302B09185
:103A200024028093080290930902A0930A02B093A3
:103A30000B0280916B058093500580916E058093F9
:103A4000510580916F0580934F058FEF9FEF909305
:103A500014028093130260960FB6F894DEBF0FBE77
:103A6000CDBFDF91CF911F910F91FF90EF90DF902D
:103A7000CF90BF90AF9008958FE190E0C1CD86EFD9
:103A800092E0D1CD80E098EF19CE0E94A83ACF9273
:103A9000DF92EF92FF920F931F93CF93DF93EC018E
:103AA0006A017B01C114D104E104F10431F4C12C99
:103AB00042E1D42E4AE7E42EF12C8FA987FD07C0FE
:103AC00061E00E94B60561E08FA90E94880561E06F
:103AD00088AD0E94B60561E088AD0E9488058DA979
:103AE0008111A3C040E052E16AE770E0C416D50638
:103AF000E606F70640F476956795579547958F5FEC
:103B00008630A1F787E0982F906A969599A38095C3
:103B100081708AA31BA21CA21DA21EA21FB7F8942B
:103B200080914305811127C0E7E7F9E08491E7E13F
:103B3000F9E09491E82FF0E0EE0FFF1FE959F74FFD
:103B4000A591B491EC91E92321F461E085E30E9411
:103B5000880561E085E30E94B6058CB580618CBD67
:103B60008CB580648CBD61E084E30E94B60561E0A1
:103B700083E30E94B605809143058F5F80934305E0
:103B80001FBF8EA987FD21C061E00E94B60561E0DC
:103B90008EA90E94880564E670E080E090E00E94B3
:103BA000290860E08EA90E94880564E670E080E044
:103BB00090E00E94290861E08EA90E94880568ECC7
:103BC00070E080E090E00E9429088EA987FF0DC078
:103BD00020E050E040E061E0CE010E94031066E981
:103BE00070E080E090E00E94290804EB17E0C80133
:103BF0000196F8016491662309F463C00E5F1F4FBC
:103C0000FC01F490EF2CE894E7F82E2DA801CE01EA
:103C10000E9403100E0D111DF7FEE9CF66E970E05A
:103C200080E090E00E942908E2CF02E419E0F12C44
:103C30008130B9F461E08AA50E94B60560E08AA5EA
:103C40000E94880561E08CA50E94B60560E08CA505
:103C50000E9488058BA587FD94CF60E00E94B60581
:103C600090CFF8018491E82FF0E0EE0FFF1FE85DA0
:103C7000F64F859194912F8D38A12817390741F47B
:103C800061E08F2D0E94B60560E08F2D0E948805AF
:103C9000F3940F5F1F4FF6E4FF12E3CF61E08EA5B0
:103CA0000E94B60561E08EA50E9488058FA587FD5C
:103CB00068CF61E00E94B60561E08FA50E9488058B
:103CC00060CF80EF90E09987888780E491E09B87C0
:103CD0008A87DF91CF911F910F91FF90EF90DF9036
:103CE000CF9008951F93CF93DF9385ED8093BC0011
:103CF0008091D5049091D604A091D704B091D804B6
:103D00000796A11DB11D23E0B695A79597958795B8
:103D10002A95D1F72091BC0024FD03C010921D0507
:103D200052C04091D5045091D6046091D70470914F
:103D3000D804452B462B472B69F30097A105B10505
:103D400041F02AE22A95F1F700C00197A109B109D3
:103D5000E1CF8091D404C1E0C093D304882399F1CA
:103D6000D091B8001091BA008091BC008A7B8093FA
:103D7000BC0060E084E10E94880560E085E10E946B
:103D8000880510921D05C0931F0510921E0561E065
:103D900084E10E94880561E085E10E9488058091A8
:103DA000B9008E7F8093B9008091B9008D7F809398
:103DB000B90088E48093B80085E48093BC00109338
:103DC000BA00D093B800DF91CF911F9108952F9240
:103DD0003F924F925F926F927F928F929F92AF929B
:103DE000BF92CF92DF92EF92FF920F931F93CF93E8
:103DF000DF9300D01F92CDB7DEB75CE9E52E5DE51D
:103E0000F52E04EB10E020EF30E050E040E070E0F1
:103E100060E08BE396E00E94820C20EE3FEF4CE1E5
:103E200050E068E270E082ED90E00E94001120E630
:103E30003EEF44E150E068E270E082ED90E00E94E5
:103E400000112FEF3FEF4EE050E063E270E082E3BD
:103E500090E00E9400112FEF3FEF42E150E06EE151
:103E600070E086E490E00E9400112FEF3FEF4EE0FB
:103E700050E063E270E08AE590E00E9400112FEFCD
:103E80003FEF4AE050E067E370E080EA90E00E9494
:103E900000112FEF3FEF4EE050E062E370E08FEA59
:103EA00090E00E9400112FEF3FEF4AE050E067E3FF
:103EB00070E08EEB90E00E9400111A821982298135
:103EC0003A81B901330F880B990B0E94B2386B010C
:103ED0007C012DEC3CEC4CEC5CE30E9467390E94C9
:103EE000D4392B013C012FE832EC45E75DE3C701F3
:103EF000B6010E9467390E94D4394B015C0120E071
:103F000030E040E751E4C301B2010E9467390E94EA
:103F10007A387B013BE9E30EF11C20E030E040E021
:103F200051E4C501B4010E9467390E947A38A701A3
:103F3000460F571F00EE19E329E130E069817A81CD
:103F40008BE396E00E94180D89819A8101969A83ED
:103F50008983803F910509F0B2CF80E6E82E84E5A1
:103F6000F82E05E010E020EF30E04FEA50E070E07E
:103F700060E08BE396E00E94820C9DE8E92E9BE6D0
:103F8000F92E0CE810E020EF30E044EB50E070E058
:103F900060E08BE396E00E94820C20EBE22E26ED9F
:103FA000F22E03E010E020EF30E046EE50E070E04B
:103FB00060E08BE396E00E94820C20EF30E04EE060
:103FC00051E070E060E08BE396E00E94820C34E008
:103FD000232E312C4DE0442E512C612C712C8BE37F
:103FE00096E00E94F10FC12CD12C7601812C912CEE
:103FF000540122EA30E03A832983C501B401A301C8
:1040000092010E943B37C101820F931F9C838B83D7
:10401000C701B601A30192010E943B37220D331D57
:1040200094E0891A9108A108B10884E0C80ED11C57
:10403000E11CF11C8B819C812817390734F49B818A
:104040008C813C832B83292F382F8B819C81281BCB
:10405000390B2F5F3F4F00EE17E049815A81BC01B9
:104060008BE396E00E94160F29813A812F5F3F4F24
:104070003A832983203B310509F0BFCF8BE396E0DB
:104080000E94F5103CE0230E311C84EF2816310409
:1040900009F0A5CF0F900F900F900F90DF91CF9167
:1040A0001F910F91FF90EF90DF90CF90BF90AF9056
:1040B0009F908F907F906F905F904F903F902F9048
:1040C00008951F920F920FB60F9211242F933F93D2
:1040D0008F939F93AF93BF938091750590917605D1
:1040E000A0917705B09178053091740523E0230FF6
:1040F0002D3758F50196A11DB11D209374058093AD
:10410000750590937605A0937705B0937805809117
:10411000790590917A05A0917B05B0917C05019677
:10412000A11DB11D8093790590937A05A0937B051D
:10413000B0937C05BF91AF919F918F913F912F914B
:104140000F900FBE0F901F90189526E8230F029630
:10415000A11DB11DD2CF1F920F920FB60F92112445
:104160000BB60F922F933F934F935F936F937F9371
:104170008F939F93AF93BF93EF93FF93809191059C
:1041800090919205A0919305B0919405892B8A2B6B
:104190008B2BE1F190918005E0918105F0918205F2
:1041A0008081892780838091910590919205A091CB
:1041B0009305B0919405181619061A061B069CF46F
:1041C0008091910590919205A0919305B0919405ED
:1041D0000197A109B1098093910590939205A0934D
:1041E0009305B0939405FF91EF91BF91AF919F918B
:1041F0008F917F916F915F914F913F912F910F9090
:104200000BBE0F900FBE0F901F9018958091290242
:104210000E946708E8CF1F920F920FB60F921124E9
:104220000BB60F922F933F934F935F936F937F93B0
:104230008F939F93AF93BF93EF93FF938DE995E097
:104240000E942009FF91EF91BF91AF919F918F91B3
:104250007F916F915F914F913F912F910F900BBE86
:104260000F900FBE0F901F9018951F920F920FB6D0
:104270000F9211240BB60F922F938F939F93EF936E
:10428000FF93E091AD05F091AE058081E091B3051B
:10429000F091B40582FD1DC090818091B6058F5FBD
:1042A0008F732091B705821741F0E091B605F0E0D9
:1042B000E356FA4F958F8093B605FF91EF919F914A
:1042C0008F912F910F900BBE0F900FBE0F901F90EC
:1042D00018958081F2CF1F920F920FB60F92112482
:1042E0000BB60F922F933F934F935F936F937F93F0
:1042F0008F939F93AF93BF93EF93FF938091B900F8
:10430000887F803609F44DC008F040C0883209F437
:10431000A7C028F5803109F49BC0C8F4882309F4AC
:10432000F7C0883009F494C0FF91EF91BF91AF912D
:104330009F918F917F916F915F914F913F912F91BD
:104340000F900BBE0F900FBE0F901F9018958831E5
:1043500009F486C0803241F780931C0514C0803474
:1043600009F49BC040F48033B9F38833E9F68093B5
:104370001C0585ECAEC0803509F483C0883509F48E
:1043800094C0883489F60E94721ECECF883909F411
:104390008AC038F5883729F050F4883611F0803714
:1043A00019F683E080931D0510921B0555C08838CF
:1043B00009F479C0803919F0803809F0B5CF8091BF
:1043C0001B05803208F06FC0E0911B0581E08E0F65
:1043D00080931B058091BB00F0E0E550FB4F80838C
:1043E0003BC0803B39F0D0F4803A09F477C0883A7A
:1043F00009F09ACF84E080931D051092FA04109280
:10440000F904F0E0E0E019958091F90481110FC002
:1044100081E08093F9041092D90409C0803C09F42A
:10442000A8CF883C09F4A5CF883B09F07DCFE09167
:10443000FA0481E08E0F8093FA04F0E0E752FB4F1C
:1044400080818093BB009091FA048091F90429C087
:10445000809142058093BB0085EC8093BC0064CFC3
:104460009091410580914005981758F5E0914105DC
:1044700081E08E0F80934105F0E0E05EFA4F80818D
:10448000E9CFE091410581E08E0F80934105809155
:10449000BB00F0E0E05EFA4F80839091410580918F
:1044A00040059817C8F285E8D8CFE091410581E032
:1044B0008E0F809341058091BB00F0E0E05EFA4FE3
:1044C000808380911F0581115ECF81E080931E055E
:1044D00084EA8093BC0010921D0526CF85EC809362
:1044E000BC0010921D0580911B05803230F4E091D4
:1044F0001B05F0E0E550FB4F108260911B0570E05A
:104500008BEF94E0F0E0E0E0199510921B050CCFE2
:1045100010921C0538CFEDE9F5E01382128288EE87
:1045200093E0A0E0B0E084839583A683B7838EE216
:1045300092E09183808385EC90E09587848784EC7A
:1045400090E09787868780EC90E0918B808B81EC60
:1045500090E0938B828B82EC90E0958B848B86EC41
:1045600090E0978B868B118E128E138E148EABE398
:10457000B6E013961C921E92129720EF30E015962B
:104580003C932E93149780E491E017969C938E931E
:10459000169719963C932E9318971B969C938E937F
:1045A0001A9756961C9256971D961C921E921C970F
:1045B0001F961C921E921E9781E055968C935597DC
:1045C00054968C9354972FEF3FEF53963C932E9332
:1045D000529751963C932E93509757968C9357979A
:1045E00058961C9258975A961C921E925997D59697
:1045F0001C92D59788E0D6968C93D6978AE0D7966A
:104600008C93D79789E0D8968C93D897DA961C929A
:104610001E92D997DC961C921E92DB97DD961C9217
:10462000DD97DE961C92DE9710927A0610927B063A
:1046300010927C0610927D068AE396E090969C93F9
:104640008E935F97EBE4F9E0E491F0E0EE0FFF1F4B
:10465000E85DF64F859194915E969C938E935D975D
:10466000EBEEF8E08491D3968C93D397ECE4F9E0E9
:10467000E491F0E0EE0FFF1FE85DF64F25913491D5
:104680005C963C932E935B97ECEEF8E0E491D19628
:10469000EC93D197E095D296EC93D297E82FE095E2
:1046A000D496EC93D49780E492E08D939C930895F4
:1046B000CF93DF93CDB7DEB763970FB6F894DEBF25
:1046C0000FBECDBF789484B5826084BD84B581600F
:1046D00084BD85B5826085BD85B5816085BD8091CD
:1046E0006E00816080936E00109281008091810045
:1046F000826080938100809181008160809381003D
:10470000809180008160809380008091B1008460FE
:104710008093B1008091B00081608093B00080915F
:1047200091008260809391008091910081608093DC
:104730009100809190008160809390008091A10011
:1047400082608093A1008091A10081608093A1008C
:104750008091A00081608093A000809121018260FF
:1047600080932101809121018160809321018091BA
:10477000200181608093200180917A008460809381
:104780007A0080917A00826080937A0080917A002A
:10479000816080937A0080917A00806880937A00AB
:1047A0001092C100E091AD05F091AE0582E08083EA
:1047B000E091A905F091AA051082E091AB05F09176
:1047C000AC058FEC80831092B505E091B105F091B6
:1047D000B20586E08083E091AF05F091B00580815D
:1047E00080618083E091AF05F091B00580818860A1
:1047F0008083E091AF05F091B0058081806880836F
:10480000E091AF05F091B00580818F7D808383E2D8
:1048100098E00E948F0965EC73E08DE995E00E94B5
:10482000861740E050E0BA018BE396E00E94471DF6
:1048300060E08BE396E00E946C1070E060E08BE338
:1048400096E00E941A150FE110E022E330E048ECF8
:1048500050E06EE170E084E190E00E94CD1622E02D
:1048600030E04FEF5FEF6AE270E088EC93E00E9487
:10487000141808E012E42EE130E048E750E06FE55C
:1048800070E08CE390E00E94CD1621E030E04FEF25
:1048900057E066E670E086ED93E00E94141822E08F
:1048A00030E040EE5FEF6CE870E082EE93E00E9453
:1048B000141868E775E080E090E00E94290870E035
:1048C00060E08BE396E00E941A1522E030E040EEB3
:1048D00057E062E370E087EE93E00E94141823E053
:1048E00030E04FEF5FEF60E570E084EF93E00E940F
:1048F000141822E030E04FEF57E068E770E089EFEE
:1049000093E00E94141822E030E040EE5FEF60EA8E
:1049100070E085E094E00E94141860EB74E080E0A1
:1049200090E00E94290861E08EE10E94B60560E0F7
:104930008EE10E94880561E08FE10E94B60560E08B
:104940008FE10E94880561E080E20E94B60560E088
:1049500080E20E94880561E081E20E94B60560E085
:1049600081E20E94880561E082E20E94B60560E073
:1049700082E20E94880562E087E30E94B60562E059
:1049800088E20E94B60562E089E20E94B60562E014
:104990008AE20E94B60562E08BE20E94B6050E94A0
:1049A000E71E8FEF80931E028E010F5F1F4F1801CD
:1049B000CC24CA94DC2C0E945B082B013C0186E3CA
:1049C0000E94ED07BC01990F880B990B0E94B23829
:1049D00020E030EC4FE754E40E94083820E030E05B
:1049E00048E452E40E94673920E030E040E251E4BC
:1049F0000E9496374B015C01809270059092710580
:104A0000A0927205B092730589E30E94ED07BC0184
:104A1000990F880B990B0E94B23820E030EC4FE7D9
:104A200054E40E94083820E030E048EC52E40E9450
:104A30006739609325027093260280932702909332
:104A4000280287E30E945F059C878B8701E0892B02
:104A500009F000E000936F05FF24F39420E030E0BC
:104A6000A90160912102709122028091230290910C
:104A700024020E94033818160CF4F12CF0926E05F3
:104A800010916D051A8BE0906C05E98A112319F0DD
:104A90001E2D153019F188E30E94ED07BC01990F16
:104AA000880B990B0E94B23820E030EC4FE754E4B9
:104AB0000E94083820E030E048EC51E40E94673959
:104AC00020E030E040E251E40E94963760932102FA
:104AD000709322028093230290932402209121025A
:104AE0003091220240912302509124022D873E876B
:104AF0004F87588B20E030E040E05FE36D857E8596
:104B00008F8598890E9497379B01AC01C501B4013C
:104B10000E94623918160CF006C331E030936B0521
:104B200061E08EE10E94880561E081E20E948805D3
:104B30006F2D82E20E948805602F80E20E94880526
:104B400020916A052B8B222379F0C301B20128EB57
:104B50003BE040E050E00E94653721E06039714061
:104B60008105910508F020E0209369051092680501
:104B70008B849C84892809F0F5C28091640590910A
:104B80006505A0916605B0916705892B8A2B8B2B53
:104B900041F44092640550926505609266057092FA
:104BA00067058091640590916505A0916605B091B7
:104BB0006705B301A201481B590B6A0B7B0B4131FE
:104BC00057426105710508F4C8C248E552E060E04B
:104BD00070E08090600590906105A0906205B090B3
:104BE000630583017201E818F9080A091B094E15CB
:104BF0005F056007710708F0C5C2FF24F394F092C7
:104C0000680540926005509261056092620570925D
:104C10006305222311F40C94C2344CE251E060E0AD
:104C200070E080EE96E00E94F2050E945B088090A2
:104C3000440590904505A0904605B0904705681939
:104C400079098A099B09683E73408105910590F0B6
:104C50000E945B0860934405709345058093460568
:104C600090934705809152058F5F8C3308F0ADC259
:104C70008093520580915A05882391F1A0905805A0
:104C8000B0905905A114B10459F10E945B0820911C
:104C900048053091490540914A0550914B05621BEA
:104CA000730B840B950B683E734081059105C0F032
:104CB0000E945B08609348057093490580934A05FC
:104CC00090934B0521E0A21AB108B0925905A09229
:104CD0005805AB2829F410925A0531E030936A0543
:104CE0008A88882009F41FC50989063009F48DC215
:104CF000073009F40CC4053009F012C580911E027A
:104D0000863009F447C0F12CE12C00E411E020EFDB
:104D100030E050E040E070E060E08BE396E00E941D
:104D2000820C00EE1FEF2CE130E040EF50E070E02D
:104D300060E090E080E00E94CD1621E030E050E09D
:104D400040E06AE070E08CE094E00E94141821E0FA
:104D500030E048E156EC62E870E08DE194E00E94BA
:104D6000141821E030E048E156EC66E970E08EE28C
:104D700094E00E94141820E030EC49E754EC2093B2
:104D800008023093090240930A0250930B0286E016
:104D900080931E028090210290902202A090230214
:104DA000B0902402209108023091090240910A0239
:104DB00050910B02C501B4010E940338882309F405
:104DC0006CC0810121E044E0C501B4010E94CC34F3
:104DD000F10101900020E9F73197E219F30988E128
:104DE0008E9F90018F9F300D1124205D3F4F80EFEB
:104DF000A82EB12CA21AB30AB7FE03C04FEFA41A13
:104E0000B40AB594A794265F3F4FF12CE12C03E23E
:104E100010E04CE350E0B5018BE396E00E94070DF3
:104E200084E080934F06809350068FEF97E0909335
:104E30004E0680934D0690934C0680934B0655E0AA
:104E4000A50EB11CB0924806A092470681E490E0FE
:104E500090934A06809349066AE273E08BE396E0FA
:104E60000E94DB17B1018BE396E00E94DB176DE235
:104E700073E08BE396E00E94DB1780912102909112
:104E80002202A0912302B091240280930802909301
:104E90000902A0930A02B0930B0270E060E088E27E
:104EA00090E00E945A17882331F120E030E040E082
:104EB0005FE3609121027091220280912302909120
:104EC00024020E9497374B015C0120E030E040E76C
:104ED00051E40E946239181634F4812C912C10E7A9
:104EE000A12E11E4B12E8092210290922202A09272
:104EF0002302B092240261E070E089E290E00E9417
:104F00005A17882331F120E030E040E05FE3609100
:104F100021027091220280912302909124020E942A
:104F200096374B015C0120E030E040E251EC0E94FA
:104F3000033887FF06C0812C912CB0E2AB2EB1EC78
:104F4000BB2E8092210290922202A0922302B09264
:104F5000240262E070E08AE290E00E945A178823FF
:104F600009F44AC110926D0581E080936C058FEFC2
:104F700080931E020E94E81A809154059091550575
:104F8000A0915605B091570583017201E81AF90AFC
:104F90000A0B1B0BD801C701893E9340A105B1053F
:104FA00008F4B8C0409254055092550560925605D9
:104FB0007092570585E698E00E948F0910911D02B6
:104FC0001A3018F480E30E94AA09612F70E090E083
:104FD00080E04AE00E9495178AE30E94AA09109196
:104FE00053051A3018F480E30E94AA09612F70E07B
:104FF00090E080E04AE00E9495178AE30E94AA09A7
:10500000109152051A3018F480E30E94AA09612F0A
:1050100070E090E080E04AE00E94951780E698E01A
:105020000E948F09609170057091710580917205E1
:10503000909173050E944B188BE598E00E948F09B0
:1050400060912102709122028091230290912402AA
:105050000E944B1887E598E00E948F096091250215
:105060007091260280912702909128020E947A383E
:105070004B01770FAA08BB084AE0C501B401B7FE8F
:105080000BC08DE20E94AA0966277727CB01681919
:1050900079098A099B094AE00E94951782E598E000
:1050A0000E948F0980916F05882311F40C94BC3401
:1050B00081E40E94AA098EE498E00E948F09809101
:1050C0006B05882311F40C94BF3481E30E94AA0974
:1050D00089E498E00E948F0980915A0563E973E0A2
:1050E000811102C06CE973E08DE995E00E94DB1745
:1050F00080E20E94AA09609158057091590590E0DC
:1051000080E04AE00E94951765EC73E08DE995E038
:105110000E94861764E170E080E090E00E94290818
:105120000E94CF0948CC20E030E040E05FE36D858D
:105130007E858F8598890E9496379B01AC01C501B9
:10514000B4010E94033887FFF3CC10926B0560E036
:105150008EE10E94880560E0E8CC44EC59E060E014
:1051600070E037CD109264051092650510926605C7
:105170001092670510926005109261051092620509
:1051800010926305211149CD80916F0581114DCD9C
:105190008B8881104ACD8FE10E94670846CD93012C
:1051A0008201081B190B2A0B3B0BD901C801813165
:1051B0009742A105B10510F40C94C83488E795E036
:1051C00044E650E060E070E02ECD109252058091F0
:1051D00053058F5F8C3318F4809353054BCD109299
:1051E000530580911D028F5F883118F480931D0252
:1051F00041CD10921D023ECD63E070E08BE290E065
:105200000E945A178111AECEB7CE80911E02873010
:1052100009F444C0F12CE12C00E411E020EF30E06F
:1052200050E040E070E060E08BE396E00E94820C8A
:1052300000EE1FEF2CE130E040EF50E070E060E066
:1052400090E080E00E94CD1680915B05811139C10C
:105250008DE493E021E030E050E040E06AE070E06F
:105260000E94141821E030E048E156EC62E870E05A
:105270008DE194E00E94141821E030E048E156EC02
:1052800066E970E08DE394E00E9414188FEF80933C
:1052900012028093110287E080931E0280911D020A
:1052A00090911202891709F440C01F928F93A1EFC9
:1052B000B2E0BF93AF933F922F920E94AD3A84E049
:1052C00080934F0680935006D0924E06C0924D06B2
:1052D000D0924C06C0924B06F12CE12C00E210E07B
:1052E00020E330E04CE350E068E170E08BE396E0CF
:1052F0000E94820C88E190E09093480680934706D4
:105300008CE390E090934A0680934906B1018BE3C9
:1053100096E00E94DB1780911D02809312020F908D
:105320000F900F900F900F900F90809112028F3F6F
:10533000F9F484E080934F0680935006D0924E0695
:10534000C0924D06D0924C06C0924B0688E490E085
:1053500090934806809347068CE390E090934A062A
:105360008093490668E373E08BE396E00E94DB17C5
:1053700080915305909111028917A9F11F928F9383
:10538000A1EFAA2EA2E0BA2EBF92AF923F922F9227
:105390000E94AD3AF12CE12C00E210E020E330E075
:1053A0004CE350E060E670E08BE396E00E94820CF4
:1053B00080E690E090934806809347068CE390E067
:1053C00090934A0680934906B1018BE396E00E94D0
:1053D000DB1780915305809311020F900F900F906F
:1053E0000F900F900F9070E060E088E290E00E94D4
:1053F0005A17882381F080915B05811165C08091E7
:105400001D0290E0019668E170E00E947D3A809371
:105410001D021092520561E070E089E290E00E9466
:105420005A17882371F080915B05811158C08091D3
:105430001D0290E0479668E170E00E947D3A8093FB
:105440001D0262E070E08AE290E00E945A17882311
:1054500011F180915B0581114DC0FF24F394F0920E
:105460005B05F0EEEF2EFF24FA940CE110E020EF44
:1054700030E050E040E070E060E08BE396E00E94B6
:10548000820C21E030E050E040E06AE070E08AE524
:1054900093E00E94141863E070E08BE290E00E94B9
:1054A0005A17882309F468CD10925B0510926D0598
:1054B00001E000936C058FEF80931E020E94421A58
:1054C0005BCD8AE593E0C6CE8091530590E00196CE
:1054D0006CE370E00E947D3A809353059ACF8091EF
:1054E000530590E0CB966CE370E00E947D3A809388
:1054F0005305A7CF10925B0510926D0582E0809353
:105500006C058FEF80931E020E94421AC4CF8091D7
:105510001E02883009F43FC0F12CE12C00E411E0B8
:1055200020EF30E050E040E070E060E08BE396E098
:105530000E94820C00EE1FEF2CE130E040EF50E0C3
:1055400070E060E090E080E00E94CD1621E030E065
:1055500050E040E06AE070E088E594E00E941418B2
:1055600021E030E048E156EC62E870E086E694E045
:105570000E94141821E030E048E156EC66E970E042
:105580008FE794E00E941418D0921602C092150280
:1055900088E080931E0280911F02909120026CE3AC
:1055A00070E00E94693A9F938F937F936F938CEE84
:1055B00092E09F938F933F922F920E94AD3A0FB645
:1055C000F894DEBF0FBECDBF20911F0230912002A4
:1055D000809115029091160228173907B1F184E0E5
:1055E00080934F06809350068FEF97E090934E067E
:1055F00080934D0690934C0680934B06F12CE12C42
:1056000003E210E02AEC30E04CE350E068E170E0A7
:105610008BE396E00E94820C8DE190E09093480627
:105620008093470681E490E090934A068093490670
:10563000B1018BE396E00E94DB1780911F029091ED
:105640002002909316028093150270E060E088E2D9
:1056500090E00E945A17882379F080911F02909160
:105660002002CC96853337E1930710F084E397E16D
:105670009093200280931F0261E070E089E290E045
:105680000E945A17882361F080911F029091200296
:105690008C33910528F0CC979093200280931F02C1
:1056A00062E070E08AE290E00E945A17882321F1BC
:1056B00020911F0230912002309359052093580504
:1056C00081E0232B09F480E080935A0510926A054B
:1056D0000E945B08609348057093490580934A05D2
:1056E00090934B0510926D0583E080936C058FEFCE
:1056F00080931E020E94F01863E070E08BE290E05D
:105700000E945A17882309F437CC10926D0583E064
:1057100080936C058FEF80931E020E94F0182CCCB2
:1057200010926D0529CC70E060E088E290E00E9464
:105730005A17882391F08988882D90E0049665E0B7
:1057400070E00E947D3A80936C0510925C05109287
:105750005D0510925E0510925F0561E070E089E2E0
:1057600090E00E945A17882391F080916C0590E098
:10577000019665E070E00E947D3A80936C0510927E
:105780005C0510925D0510925E0510925F0562E067
:1057900070E08AE290E00E945A17882301F180911C
:1057A0006C0510925C0510925D0510925E051092DA
:1057B0005F05823059F0833009F4DFC2813079F41B
:1057C00080936D0585E080936C0509C099249394BE
:1057D00090926D0586E080936C0510925B05909128
:1057E0006C0580911E029817C1F00E94E71E8091FF
:1057F0006C05823009F496C408F0DAC2813009F4ED
:105800008EC480916C0580931E0210925C051092EC
:105810005D0510925E0510925F0580915C05909188
:105820005D05A0915E05B0915F0553014201881AA4
:10583000990AAA0ABB0AD501C4018C329140A1057C
:10584000B10508F499CB40925C0550925D056092D9
:105850005E0570925F0580916C05823009F440C648
:1058600008F066C4813009F087CB80916E05909175
:105870005105891709F1882309F418C68FE190E0D2
:105880007C010CE110E020EF30E050E040E070E0FF
:1058900060E08BE396E00E94820C80916E05882385
:1058A00009F407C686EF92E021E030E04FEF5FEFAA
:1058B0006AE070E00E941418809070059090710565
:1058C000A0907205B090730520910C0230910D02EA
:1058D00040910E0250910F02C501B4010E9403389D
:1058E000882309F471C0810121E044E0C501B401BD
:1058F0000E94CC34F10101900020E9F73197E219C0
:10590000F3098EE18E9F90018F9F300D1124245C4E
:105910003F4F50EFA52EB12CA21AB30AB7FE03C019
:105920001FEFA11AB10AB594A794265F3F4FF12C3F
:10593000E12C08E210E04DE250E0B5018BE396E087
:105940000E94070D85E080934F068093500680915A
:105950006B05882309F4B0C580E098EF90934E065C
:1059600080934D0690934C0680934B0625E0A20E43
:10597000B11CB0924806A092470682E390E0909353
:105980004A06809349066AE273E08BE396E00E9440
:10599000DB17B1018BE396E00E94DB176DE273E049
:1059A0008BE396E00E94DB17809170059091710562
:1059B000A0917205B091730580930C0290930D0233
:1059C000A0930E02B0930F0280916B059091500549
:1059D0008917D9F100E018EF811102C008E012E444
:1059E00028E130E040E550E064E670E08EE190E0D0
:1059F0000E94CD1631E030934F0630935006D0927E
:105A00004E06C0924D06D0924C06C0924B0688E2DC
:105A100090E090934806809347068CE690E0909340
:105A20004A06809349066FE273E08BE396E00E949A
:105A3000DB1780916B0563E973E0811102C06CE9AB
:105A400073E08BE396E00E94DB1780916E059091E6
:105A500051058917A9F10FE110E0811102C000EE94
:105A600017E028E130E040E550E064E670E082E8CD
:105A700090E00E94CD1641E040934F0640935006BF
:105A8000D0924E06C0924D06D0924C06C0924B0664
:105A90008CE890E090934806809347068CE690E06F
:105AA00090934A068093490680916E0566E073E004
:105AB000811102C06DE073E08BE396E00E94DB177A
:105AC0008090210290902202A0902302B0902402A4
:105AD000209108023091090240910A0250910B0274
:105AE000C501B4010E940338882309F451C0810123
:105AF00021E044E0C501B4010E94CC34F12CE12C3A
:105B000004E110E028E730E047E850E064E170E0AD
:105B10008BE396E00E94820C82E080934F06809394
:105B200050068FEF97E090934E0680934D0690932A
:105B30004C0680934B0684E190E090934806809356
:105B4000470689E890E090934A068093490666E309
:105B500073E08BE396E00E94DB17B1018BE396E0E4
:105B60000E94DB176DE273E08BE396E00E94DB1787
:105B70008091210290912202A0912302B0912402EF
:105B80008093080290930902A0930A02B0930B023B
:105B900090916B05809150059817C9F1F12CE12C7B
:105BA0000EE010E024E630E045EA50E064E170E009
:105BB0008BE396E00E94820C51E050934F06509385
:105BC000500620916B0580E098EF211102C080EE15
:105BD00097E090934E0680934D0690934C068093E9
:105BE0004B0684E190E0909348068093470687EA4D
:105BF00090E090934A068093490664E173E0211196
:105C000002C060E273E08BE396E00E94DB178091B4
:105C10006F0590914F058917E9F0882309F44FC467
:105C200000E018EF28E130E040EF50E069EB70E071
:105C300090E080E00E94CD1621E030E04FEF5FEF72
:105C400060EC70E08EEA94E00E94141880916F0579
:105C500080934F0580916E0520916B0590915005C2
:105C600029130BC090915105891307C020916F052E
:105C700090914F05291709F477C00FE110E08111C9
:105C800002C008E012E422E130E040E550E06AEDB5
:105C900070E090E080E00E94CD1681E080934F0696
:105CA00080935006D0924E06C0924D06D0924C067C
:105CB000C0924B068AE090E0909348068093470696
:105CC00080EE90E090934A06809349066AE373E081
:105CD0008BE396E00E94DB1780916B0500E018EFE4
:105CE000811102C008E012E422E130E040E550E01A
:105CF0006AED70E080E590E00E94CD168AE590E0C4
:105D0000909348068093470680EE90E090934A0671
:105D10008093490661E473E08BE396E00E94DB1711
:105D200080916F0500E21DEF811102C008E012E4CE
:105D300022E130E040E550E06AED70E080EA90E07A
:105D40000E94CD168AEA90E0909348068093470619
:105D500080EE90E090934A068093490666E473E0F3
:105D60008BE396E00E94DB1780916E0580935105CE
:105D700080916B0580935005FFC880915A05811171
:105D80000AC080916A05811106C0AA24A394A0923A
:105D90006D0587E018CD10925A0510926A05809122
:105DA0001F0290912002909359058093580517CDBA
:105DB000833009F4BAC1843009F023CD78E0E72EAE
:105DC00072E4F72E0CE110E020EF30E050E040E00C
:105DD00070E060E08BE396E00E94820C21E030E00E
:105DE0004FEF5FEF6AE070E088E994E00E941418DA
:105DF00060912502709126028091270290912802DD
:105E00000E947A387F936F9389EA94E09F938F93EF
:105E10003F922F920E94AD3AF10101900020E9F7E4
:105E20003197E219F30988E18E9F90018F9F300D21
:105E30001124E0EFAE2EB12CA21AB30A0F900F90EE
:105E40000F900F900F900F90B7FE03C00FEFA01AA6
:105E5000B00AB594A7942C5E3F4FB5016550710907
:105E6000F12CE12C03E210E048E250E08BE396E0F5
:105E70000E94070D84E080934F06809350068FEFB9
:105E800097E090934E0680934D0690934C06809336
:105E90004B06B0924806A09247068DE290E09093A0
:105EA0004A0680934906B1018BE396E00E94DB1716
:105EB000609125027091260280912702909128021C
:105EC0000E947A38DB0128EC30E00E94A13A24E6F7
:105ED00030E040E050E00E943B37490108E012E426
:105EE0002CE030E048EC50E065E570E084E190E0C3
:105EF0000E94CD16181419045CF40FEF17E02CE083
:105F000030E0A40165E570E084E190E00E94CD16E8
:105F100080916E050FE110E0811102C000EE17E0E4
:105F200026E130E048EC50E06EE670E084E190E07D
:105F30000E94CD1611E010934F0610935006D09298
:105F40004E06C0924D06D0924C06C0924B0682E39C
:105F500090E0909348068093470685E790E0909301
:105F60004A068093490680916E0569E673E08111C7
:105F700002C06AE773E08BE396E00E94DB17809132
:105F80006B0500E018EF811102C008E012E426E181
:105F900030E04FE550E06CE870E084E190E00E9472
:105FA000CD1621E020934F0620935006D0924E0646
:105FB000C0924D06D0924C06C0924B068EE190E006
:105FC000909348068093470683E990E090934A06B1
:105FD0008093490680916B056DE873E0811102C0E2
:105FE00066E973E08BE396E00E94DB1780916F0512
:105FF00000E21DEF811102C000EE17E026E130E063
:106000004FE550E06CE870E08DE790E00E94CD161F
:1060100031E030934F0630935006D0924E06C09236
:106020004D06D0924C06C0924B0687E890E09093C4
:1060300048068093470683E990E090934A06809350
:10604000490680916F0560EA73E0811102C068EA39
:1060500073E08BE396E00E94DB1780915A0500EE17
:106060001FEF811102C008E012E426E130E04FE5A5
:1060700050E06CEA70E084E190E00E94CD1641E0CF
:1060800040934F064093500620915A0581E08227A5
:1060900090E091958195910990934E0680934D06DD
:1060A00090934C0680934B068EE190E090934806C7
:1060B0008093470683EB90E090934A0680934906CD
:1060C00060EB73E0211102C06AEB73E08BE396E0B2
:1060D0000E94DB178091250290912602A091270251
:1060E000B09128028093190290931A02A0931B0288
:1060F000B0931C02909218028092170280916B0557
:106100008093500580916E058093510580916F05B5
:1061100080934F0580915A0580934E0572CB0E9463
:10612000E81A6FCB0E94421A6CCB0E94F01869CB20
:10613000833009F4C9C2843011F00C94BC278090DC
:10614000250290902602A0902702B090280220916C
:10615000190230911A0240911B0250911C02C50194
:10616000B4010E940338882309F49DC0C501B4011D
:106170000E947A387F936F9389EA94E09F938F937C
:106180003F922F920E94AD3AF10101900020E9F771
:106190003197E219F30988E18E9F90018F9F300DAE
:1061A000112490EFA92EB12CA21AB30A0F900F90D0
:1061B0000F900F900F900F90B7FE03C09FEFA91A9A
:1061C000B90AB594A7942C5E3F4FB501655071098B
:1061D000F12CE12C03E210E048E250E08BE396E082
:1061E0000E94070D84E080934F06809350068FEF46
:1061F00097E090934E0680934D0690934C068093C3
:106200004B06B0924806A09247068DE290E090932C
:106210004A0680934906B1018BE396E00E94DB17A2
:1062200060912502709126028091270290912802A8
:106230006093190270931A0280931B0290931C02C0
:106240000E947A38DB0128EC30E00E94A13A24E673
:1062500030E040E050E00E943B3749018091170256
:106260009091180228173907F1F008E012E42CE0A9
:1062700030E048EC50E065E570E084E190E00E9499
:10628000CD16181419045CF40FEF17E02CE030E081
:10629000A40165E570E084E190E00E94CD16909243
:1062A00018028092170280916E059091510589170E
:1062B000C9F10FE110E0811102C000EE17E026E104
:1062C00030E048EC50E06EE670E084E190E00E943F
:1062D000CD16A1E0A0934F06A0935006D0924E0693
:1062E000C0924D06D0924C06C0924B0682E390E0DD
:1062F000909348068093470685E790E090934A067E
:106300008093490680916E0569E673E0811102C0B1
:106310006AE773E08BE396E00E94DB1780916E05DD
:106320008093510580916B05909150058917C9F1B3
:1063300000E018EF811102C008E012E426E130E02D
:106340004FE550E06CE870E084E190E00E94CD16EB
:10635000B1E0B0934F06B0935006D0924E06C09273
:106360004D06D0924C06C0924B068EE190E0909381
:1063700048068093470683E990E090934A0680930D
:10638000490680916B056DE873E0811102C066E9F2
:1063900073E08BE396E00E94DB1780916B0580939E
:1063A000500580916F0590914F058917D1F100E25A
:1063B0001DEF811102C000EE17E026E130E04FE54D
:1063C00050E06CE870E08DE790E00E94CD168824E4
:1063D000839480924F0680925006D0924E06C092CF
:1063E0004D06D0924C06C0924B0687E890E0909301
:1063F00048068093470683E990E090934A0680938D
:10640000490680916F0560EA73E0811102C068EA75
:1064100073E08BE396E00E94DB1780916F05809319
:106420004F0580915A0590914E05891711F40C94EF
:10643000BC2700EE1FEF811102C008E012E426E144
:1064400030E04FE550E06CEA70E084E190E00E94BB
:10645000CD169924939490924F06909250062091D5
:106460005A0581E0822790E091958195910990935A
:106470004E0680934D0690934C0680934B068EE11A
:1064800090E0909348068093470683EB90E09093CA
:106490004A068093490660EB73E0211102C06AEB63
:1064A00073E08BE396E00E94DB170AC281E198E07B
:1064B000E7C980E893E0F8C980EE97E04FCA3DE86D
:1064C000E32E3BE6F32E08E110E020EF30E049EB4D
:1064D00050E070E060E08BE396E00E94820CB6CB67
:1064E00080911D0290911202891709F440C01F92F9
:1064F0008F93A1EFB2E0BF93AF933F922F920E9490
:10650000AD3A84E080934F0680935006D0924E06B9
:10651000C0924D06D0924C06C0924B06F12CE12C55
:1065200000E210E020E330E04DE250E068E170E08E
:106530008BE396E00E94820C88E190E090934806FD
:10654000809347068DE290E090934A068093490637
:10655000B1018BE396E00E94DB1780911D028093CE
:1065600012020F900F900F900F900F900F9080914C
:10657000530590911102891709F442C01F928F931D
:1065800021EFA22E22E0B22EBF92AF923F922F9225
:106590000E94AD3A84E080934F0680935006D092DB
:1065A0004E06C0924D06D0924C06C0924B06F12C7E
:1065B000E12C00E210E020E330E04DE250E060E644
:1065C00070E08BE396E00E94820C80E690E090936E
:1065D0004806809347068DE290E090934A068093A8
:1065E0004906B1018BE396E00E94DB1780915305C9
:1065F000809311020F900F900F900F900F900F90BB
:106600008091520590911002891709F440C01F92A1
:106610008F9301EF12E01F930F933F922F920E94EE
:10662000AD3A84E080934F0680935006D0924E0698
:10663000C0924D06D0924C06C0924B06F12CE12C34
:1066400000E210E020E330E04DE250E068EA70E064
:106650008BE396E00E94820C88EA90E090934806D3
:10666000809347068DE290E090934A068093490616
:10667000B1018BE396E00E94DB1780915205809375
:1066800010020F900F900F900F900F900F9080912D
:106690005205182F1095117090914C05191711F48F
:1066A0000C94BC2720EE37E080FF02C028E032E4E3
:1066B00045E050E062E870E088E790E00E94001159
:1066C00010934C050C94BC27809158059091590566
:1066D0006CE370E00E94693A9F938F937F936F936E
:1066E0008CEE92E09F938F933F922F920E94AD3A4F
:1066F0000FB6F894DEBF0FBECDBF80916A05882328
:1067000009F443C080914D0581110C94BC27F12CF4
:10671000E12C02E810E028EC30E048E250E064E1CF
:1067200070E08BE396E00E94820C23E030E040EEC4
:106730005FEF62E370E085E892E00E94DD1721E000
:1067400030E04FEF5FEF64E670E082E992E00E9494
:10675000DD1700EE17E02CE130E040EA50E062E89F
:1067600070E088E290E00E94CD1621E030E04FEF2B
:106770005FEF6AE870E084EA92E00E94141880916A
:106780006A0580934D050C94BC2780914E0590912D
:106790005A05992309F49AC081110EC0F12CE12CFD
:1067A00002E810E028EC30E048E250E064E170E0FC
:1067B0008BE396E00E94820C209158053091590598
:1067C00080911502909116022817390709F478C0B4
:1067D00084E080934F068093500680EE97E090937C
:1067E0004C0680934B0610924E0610924D068DE19A
:1067F00090E0909348068093470682E390E0909360
:106800004A0680934906B1018BE396E00E94DB17AC
:106810008091580590915905909316028093150226
:1068200090914E0580915A05981751F022E030E082
:1068300040EE57E064E670E08BEB92E00E94DD17DB
:1068400040911F0250912002809158059091590566
:10685000F12CE12C1416150674F4DA01A81BB90BFF
:1068600028EC30E00E94A13A9A01550F440B550BD9
:106870000E943B37790180911302909114028E158A
:106880009F05F1F008E012E42EE030E048EC50E023
:1068900061E970E084E190E00E94CD161E141F04AF
:1068A0005CF400EE17E02EE030E0A70161E970E053
:1068B00084E190E00E94CD16F0921402E09213025F
:1068C00080915A0580934E050C94BC27882371F063
:1068D000F12CE12C02E810E028EC30E048E250E036
:1068E00064E170E08BE396E00E94820C20915805F1
:1068F0003091590580911502909116022817390799
:1069000041F490914E0580915A05981711F40C941A
:10691000BC2784E080934F06809350068FEF97E06A
:1069200090934C0680934B0610924E0610924D06A3
:106930008DE190E0909348068093470682E390E0D3
:1069400090934A0680934906B1018BE396E00E943A
:10695000DB1721E030E048E156EC6EE670E088ECB1
:1069600092E00E94DD17809158059091590590930F
:10697000160280931502A4CF83E40C94592880E377
:106980000C9466280097A105B10511F00C94CF284E
:1069900080E793E00C94E028EF920F931F93CF933E
:1069A000DF93E80134E047FD34E1042E000C550B81
:1069B00057FF03C0519541955109E32E022F242F13
:1069C000AE010E94EA34CE01DF91CF911F910F9169
:1069D000EF9008958F929F92AF92BF92CF92DF92E5
:1069E000EF92FF920F931F93CF93DF9300D000D0CD
:1069F00000D0CDB7DEB76A01F22EB02E102FFBE328
:106A0000AF2EA01608F41BE31F5F012F27E0AE0195
:106A10004F5F5F4F0E946336BC018981982F997048
:106A2000913009F44EC09BE2E1FC04C09E2D9170B0
:106A3000E0FC49C05E2D5071E82FE87083FF55C01F
:106A400084E0911101C083E0EF2DE81B8F1508F061
:106A5000E0E0D6018E2F20E25523C9F1992329F0D9
:106A6000D6019C93C60101966C0196012D5F3F4FA4
:106A7000E2FE33C08EE4D6018C9391E411969C9390
:106A8000119712968C93D9018E2F90E281112AC012
:106A9000E20FF32FF11D10828EEF9FEF29960FB6B4
:106AA000F894DEBF0FBECDBFDF91CF911F910F9144
:106AB000FF90EF90DF90CF90BF90AF909F908F901E
:106AC00008959DE2B7CF90E2B5CF2D93815081110B
:106AD000FCCFCE0ED11CE0E0C1CF8EE6D6018C9368
:106AE00091E6CCCF9D938150D1CF482F447082FF47
:106AF0003DC084E0911101C083E08F1510F4EF2DAB
:106B0000E81BD6018E2F20E2552309F1992329F0A5
:106B1000D6019C93C60101966C0196012D5F3F4FF3
:106B2000E2FE1BC089E4D6018C938EE411968C930F
:106B3000119786E412968C93D9018E2F90E28823C8
:106B400009F4A6CF9D938150FACF2D9381508111E6
:106B5000FCCFCE0ED11CE0E0D9CF89E6D6018C93D4
:106B60008EE611968C93119786E6E4CF9B0177FF12
:106B700002C030E020E0A1E0B0E0911102C0B0E03E
:106B8000A0E0F9013196AE0FBF1F8B2C912CBB20DA
:106B900009F461C05401EFEFAE1ABE0AAA0DBB1D85
:106BA000FA161B0619F014F04F2D4A1B511188C01C
:106BB000E3FC59C07601A42FB0E2A1114FC0C40E6E
:106BC000D11C992309F45BC040E0D6011196F6016F
:106BD00090836D01552309F448C0012F060F9A8157
:106BE000582F507184FF03C0913309F401501016DF
:106BF0000CF047C0093008F008E0EEE2FE2E5B0121
:106C0000A01AB10885019194819491082F3F320711
:106C100029F4D601FC92F60131966F0162177307D1
:106C200094F1021713077CF5DB01A21BB30BAA2416
:106C3000A394B12CAC0EBD1EAA0DBB1D11968C9158
:106C400021503109D601119628153905F4F0F601C5
:106C500080836D01DBCFB12CA12CA0CFF701B193C4
:106C60007F01A150AACF9111B0CFD601942F50E34C
:106C700002C05D9391509111FCCFC40ED11C40E035
:106C8000ACCF01E0BACF80E3DBCF6217730731F4FA
:106C9000963388F4953311F4552369F0F601808317
:106CA000FD01842F90E2811108C0A40FB11D1C9238
:106CB00090E080E0F3CE81E3F1CF91938150F3CF68
:106CC000911183CF8ACF283008F027E03327DA01EB
:106CD000990F311D87FD916000966105710539F4AA
:106CE00032602E5F3D9330E32A95E1F708959F3F90
:106CF00030F080387105610509F03C5F3C5F3D93E1
:106D0000913008F08068911DDF93CF931F930F930C
:106D1000FF92EF92192F987F9695E92F9695969569
:106D2000E90FFF27EC5EFD4F99273327EE24FF2460
:106D3000A701E70105900894079428F4360FE71E91
:106D4000F81E491F511D660F771F881F991F069453
:106D5000A1F70590079428F4E70EF81E491F561F67
:106D6000C11D770F881F991F661F0694A1F7059014
:106D7000079428F4F80E491F561FC71FD11D880F0E
:106D8000991F661F771F0694A1F70590079420F4BA
:106D9000490F561FC71FD81F990F661F771F881FDF
:106DA0000694A9F784911095177041F0D695C79570
:106DB00057954795F794E7941A95C1F7EAEBF1E0F8
:106DC00068941590159135916591959105907FE2A4
:106DD0007395E118F10A430B560BC90BD009C0F7A4
:106DE000E10CF11E431F561FC91FD01D7EF47033E6
:106DF00011F48A95E6CFE894015030F0080F0AF4B8
:106E00000027021708F4202F2395022F7A3328F049
:106E100079E37D932A95E9F710C07D932A9589F649
:106E2000069497956795379517951794E118F10A89
:106E3000430B560BC90BD00998F023957E9173959F
:106E40007A3308F070E37C932013B8F77E91706179
:106E50007D9330F0839571E37D9370E32A95E1F79C
:106E60001124EF90FF900F911F91CF91DF919927FF
:106E700087FD90950895052E97FB1EF400940E94BF
:106E8000523757FD07D00E94653707FC03D04EF4F8
:106E90000C94523750954095309521953F4F4F4F68
:106EA0005F4F089590958095709561957F4F8F4FB6
:106EB0009F4F08950E948737A59F900DB49F900D16
:106EC000A49F800D911D11240895A1E21A2EAA1BE2
:106ED000BB1BFD010DC0AA1FBB1FEE1FFF1FA2178A
:106EE000B307E407F50720F0A21BB30BE40BF50B87
:106EF000661F771F881F991F1A9469F76095709510
:106F0000809590959B01AC01BD01CF010895A29F92
:106F1000B001B39FC001A39F700D811D1124911D6D
:106F2000B29F700D811D1124911D08955058BB27EB
:106F3000AA270E94AE370C9428390E941A3938F0DB
:106F40000E94213920F039F49F3F19F426F40C9463
:106F500017390EF4E095E7FB0C941139E92F0E94E4
:106F6000393958F3BA17620773078407950720F079
:106F700079F4A6F50C945B390EF4E0950B2EBA2F3C
:106F8000A02D0B01B90190010C01CA01A00111242F
:106F9000FF27591B99F0593F50F4503E68F11A16DB
:106FA000F040A22F232F342F4427585FF3CF46956C
:106FB00037952795A795F0405395C9F77EF41F168E
:106FC000BA0B620B730B840BBAF09150A1F0FF0F58
:106FD000BB1F661F771F881FC2F70EC0BA0F621F44
:106FE000731F841F48F4879577956795B795F79534
:106FF0009E3F08F0B0CF9395880F08F09927EE0FC9
:107000009795879508950E94ED3808F481E00895DA
:107010000E941C380C9428390E94213958F00E9493
:107020001A3940F029F45F3F29F00C9411395111BD
:107030000C945C390C9417390E94393968F3992300
:10704000B1F3552391F3951B550BBB27AA27621764
:107050007307840738F09F5F5F4F220F331F441F71
:10706000AA1FA9F335D00E2E3AF0E0E832D09150A5
:107070005040E695001CCAF72BD0FE2F29D0660F92
:10708000771F881FBB1F261737074807AB07B0E8D5
:1070900009F0BB0B802DBF01FF2793585F4F3AF0DB
:1070A0009E3F510578F00C9411390C945C395F3F88
:1070B000E4F3983ED4F3869577956795B795F79561
:1070C0009F5FC9F7880F911D9695879597F9089549
:1070D000E1E0660F771F881FBB1F621773078407E5
:1070E000BA0720F0621B730B840BBA0BEE1F88F7F4
:1070F000E09508950E9481386894B1110C945C3930
:1071000008950E94413988F09F5798F0B92F992728
:10711000B751B0F0E1F0660F771F881F991F1AF082
:10712000BA95C9F714C0B13091F00E945B39B1E053
:1071300008950C945B39672F782F8827B85F39F052
:10714000B93FCCF3869577956795B395D9F73EF41B
:1071500090958095709561957F4F8F4F9F4F0895C3
:10716000E89409C097FB3EF49095809570956195E1
:107170007F4F8F4F9F4F9923A9F0F92F96E9BB2797
:107180009395F695879577956795B795F111F8CF13
:10719000FAF4BB0F11F460FF1BC06F5F7F4F8F4F7E
:1071A0009F4F16C0882311F096E911C0772321F074
:1071B0009EE8872F762F05C0662371F096E8862F0C
:1071C00070E060E02AF09A95660F771F881FDAF763
:1071D000880F9695879597F90895990F0008550F90
:1071E000AA0BE0E8FEEF16161706E807F907C0F04D
:1071F00012161306E407F50798F0621B730B840B55
:10720000950B39F40A2661F0232B242B252B21F42E
:1072100008950A2609F4A140A6958FEF811D811DCE
:10722000089597F99F6780E870E060E008959FEF08
:1072300080EC089500240A9416161706180609060D
:10724000089500240A9412161306140605060895DC
:10725000092E0394000C11F4882352F0BB0F40F464
:10726000BF2B11F460FF04C06F5F7F4F8F4F9F4FA4
:10727000089557FD9058440F551F59F05F3F71F026
:107280004795880F97FB991F61F09F3F79F087958D
:107290000895121613061406551FF2CF4695F1DF16
:1072A00008C0161617061806991FF1CF86957105A6
:1072B000610508940895E894BB2766277727CB01DA
:1072C00097F908950E94ED3808F48FEF08950E9411
:1072D0007A390C9428390E941A3938F00E942139E1
:1072E00020F0952311F00C9411390C9417391124C6
:1072F0000C945C390E94393970F3959FC1F3950F56
:1073000050E0551F629FF001729FBB27F00DB11D29
:10731000639FAA27F00DB11DAA1F649F6627B00DB9
:10732000A11D661F829F2227B00DA11D621F739FA2
:10733000B00DA11D621F839FA00D611D221F749FB0
:107340003327A00D611D231F849F600D211D822FF7
:10735000762F6A2F11249F5750409AF0F1F088231E
:107360004AF0EE0FFF1FBB1F661F771F881F91504B
:107370005040A9F79E3F510580F00C9411390C94B0
:107380005C395F3FE4F3983ED4F386957795679533
:10739000B795F795E7959F5FC1F7FE2B880F911D75
:1073A0009695879597F908959F930E94E3390F90DA
:1073B00007FCEE5F0C940C3A0E94ED38880B990B99
:1073C00008950C9417390E944139D8F3E894E0E00D
:1073D000BB279F57F0F02AED3FE049EC06C0EE0FC7
:1073E000BB0F661F771F881F28F0B23A620773072A
:1073F000840728F0B25A620B730B840BE3959A95BD
:1074000072F7803830F49A95BB0F661F771F881F7C
:10741000D2F790480C94223AEF93E0FF07C0A2EA1B
:107420002AED3FE049EC5FEB0E94AE370E9428391D
:107430000F90039401FC9058E4EEF0E00C942E3A87
:107440009F3F31F0915020F4879577956795B795D8
:10745000880F911D9695879597F908959F938F931F
:107460007F936F93FF93EF939B01AC010E94673969
:10747000EF91FF910E94423A2F913F914F915F917E
:107480000C946739DF93CF931F930F93FF92EF9282
:10749000DF927B018C01689406C0DA2EEF010E9416
:1074A0007A39FE01E894A591259135914591559140
:1074B000A6F3EF010E94AE37FE019701A801DA940E
:1074C00069F7DF90EF90FF900F911F91CF91DF91BF
:1074D0000895AA1BBB1B51E107C0AA1FBB1FA6171B
:1074E000B70710F0A61BB70B881F991F5A95A9F76D
:1074F00080959095BC01CD01089597FB072E16F459
:10750000009407D077FD09D00E94693A07FC05D0A6
:107510003EF4909581959F4F0895709561957F4FAA
:107520000895EE0FFF1F881F8BBF0790F691E02D87
:1075300019940E948737332312F48A1B9B0B0C94F7
:10754000A33A0E948737B7FF0895821B930B0895D3
:1075500081E090E0F8940C94833D0F931F93CF93B8
:10756000DF93CDB7DEB72E970FB6F894DEBF0FBE10
:10757000CDBF0E891F8986E08C831A8309838FEF24
:107580009FE79E838D83AE01465E5F4F688D798D48
:10759000CE0101960E94DD3A2F813885020F131F1C
:1075A000F80110822E960FB6F894DEBF0FBECDBF45
:1075B000DF91CF911F910F9108952F923F924F929B
:1075C0005F926F927F928F929F92AF92BF92CF9273
:1075D000DF92EF92FF920F931F93CF93DF9300D030
:1075E00000D000D01F921F92CDB7DEB77C013B01C7
:1075F0008A01FC0117821682838181FFDDC1CE01E1
:1076000001965C01F7019381F30193FD859193FF4E
:1076100081913F01882309F453C1853239F493FDE8
:10762000859193FF81913F01853229F4B70190E064
:107630000E94F53CE7CF912C212C312CFFE1F31572
:1076400038F08B3211F190F4803209F1833229F154
:1076500037FC3CC020ED280F2A3050F536FE20C004
:107660008AE0989E200D1124922E06C08D3291F052
:10767000803371F7689430F8F30193FD859193FF9F
:1076800081913F018111DACF21C0689431F868946B
:1076900032F8F2CF689433F8EFCF689434F8ECCF37
:1076A000EAE02E9E200D1124222E689435F8E4CFB6
:1076B0008E3229F436FC04C1689436F8DDCF8C365E
:1076C00019F4689437F8D8CF8836B1F2982F9F7D97
:1076D00095549330E0F08336A1F18337C1F18335BF
:1076E00009F063C02801F2E04F0E511CF801C08080
:1076F000D180692D70E036FC02C06FEF7FEFC601CC
:107700000E94DF3C4C01689437F882010AC00C5F8C
:107710001F4FFFE3F98388248394912C6501E8943B
:1077200037F833FE2DC0522C8114910471F5552089
:1077300009F468CFB70180E290E00E94F53C5A94CA
:10774000F6CFF801808189830E5F1F4FE4CF2801B7
:10775000F2E04F0E511CF801C080D180692D70E01D
:1077600036FC02C06FEF7FEFC6010E94EA3C4C017D
:107770008201D5CFB70180E290E00E94F53C2A94C7
:107780002814190409F0B0F7CECFF60137FC859123
:1077900037FE81916F01B70190E00E94F53C5110D6
:1077A0005A94F1E08F1A9108BFCF843619F08936C8
:1077B00009F077C0F80137FE6BC06081718182816A
:1077C00093810C5F1F4FF32DFF763F2E97FF09C06B
:1077D00090958095709561957F4F8F4F9F4F6894DE
:1077E00037F82AE030E0A5010E94253DC82ECA18CE
:1077F0008C2C432C36FE0CC0E89440F8C91440F49D
:1078000034FE05C032FC03C0F32DFE7E4F2E892CC2
:1078100044FEAAC0FE01EC0DF11D8081803309F009
:107820009CC0242D297E422E842D8870582E43FC26
:10783000AAC040FEA4C09C2C821418F42C0C922CDC
:10784000981844FEA6C0B70180E390E00E94F53C82
:1078500042FE09C088E790E041FE02C088E590E062
:10786000B7010E94F53CC91408F49FC0CA94D12CFA
:107870009FEFC91AD90ACA0CDB1CF60182916F016D
:10788000B70190E00E94F53CAC14BD04B1F74FCFB6
:1078900060817181072E000C880B990B0E5F1F4FC2
:1078A00092CFD32CE894D4F82AE030E08537E1F188
:1078B000232D297FD22E8F36A9F1F0F4883551F18E
:1078C000F701868197812B960FB6F894DEBF0FBE25
:1078D000CDBFDF91CF911F910F91FF90EF90DF907F
:1078E000CF90BF90AF909F908F907F906F905F9060
:1078F0004F903F902F900895803749F0883701F7D7
:10790000D4FE02C06894D2F820E130E00DC0689443
:10791000D4F8F6CF34FE03C0822F8660D82E20E143
:1079200032E002C028E030E0F801D7FE0FC06081ED
:107930007181828193810C5F1F4FA5010E94253DBB
:10794000C82ECA183D2CE89437F852CF6081718157
:1079500090E080E00E5F1F4FF0CF42FC02C08394A6
:1079600063CF8394839460CF842D867809F45CCFB1
:10797000F6CFB70180E290E00E94F53C8394821438
:10798000C0F3512C5ECF522C5818821408F459CFF2
:10799000F8CF842D867809F466CF8BE241FE80E231
:1079A00047FC8DE2B70190E05CCFB70180E390E047
:1079B0000E94F53C9A9457CF8FEF9FEF84CFFC0144
:1079C0000590615070400110D8F7809590958E0F0A
:1079D0009F1F0895FC016150704001900110D8F77D
:1079E000809590958E0F9F1F08950F931F93CF93AF
:1079F000DF93182F092FEB018B8181FD09C01FEF49
:107A00000FEF812F902FDF91CF911F910F9108954C
:107A100082FF14C02E813F818C819D8128173907F8
:107A20003CF4E881F981CF01019699838883108322
:107A30008E819F8101969F838E83E3CFE885F985B0
:107A4000812F1995892BA1F3DACFFA01AA272830C3
:107A500051F1203181F1E8946F936E7F6E5F7F4F1B
:107A60008F4F9F4FAF4FB1E03ED0B4E03CD0670F97
:107A7000781F891F9A1FA11D680F791F8A1F911DEA
:107A8000A11D6A0F711D811D911DA11D20D009F43A
:107A900068943F912AE0269F11243019305D31937C
:107AA000DEF6CF010895462F4770405D4193B3E065
:107AB0000FD0C9F7F6CF462F4F70405D4A3318F00C
:107AC000495D31FD4052419302D0A9F7EACFB4E0BD
:107AD000A6959795879577956795BA95C9F7009775
:107AE0006105710508959B01AC010A2E0694579516
:107AF000479537952795BA95C9F7620F731F841F6D
:107B0000951FA01D0895F894FFCFFFFFFFFFFFFF13
:107B1000FFFF00C079C400C079C4FFFFFFFFFFFF73
:107B2000FFFFFF0000C6C20CFF2C010000A04000B8
:107B3000004842FF000000004209AC08D908AF0924
:107B40000A09E808FC08000000007113AC08CA1616
:107B5000C916740BF10FBF0F560FFA0D160F1D1635
:107B6000F5106C106210180D890D070D1A15A2146E
:107B70004314471DE60A6E616E00696E66006F76FB
:107B8000660054454D504F52495A41444F52002AC5
:107B90002A204C4953544F21202A2A005469656DEC
:107BA000706F20636F6D706C657461646F005072EC
:107BB0006573696F6E65204F4B2070617261207232
:107BC0006573657400436F727269656E646F2E2E03
:107BD0002E0050726573696F6E65204F4B20706187
:107BE000726120696E69636961720052454C4F4A47
:107BF00000253032643A253032643A253032640050
:107C00004D4F444F20434F4E47454C41444F520047
:107C1000434F4E47454C00465249444745005B455B
:107C20004E465249414E444F5D005B54454D5020F5
:107C30004F4B5D00543A004300434F4D503A2000F3
:107C400053503A00465245455A4500434F4D500067
:107C500050554552544100416A7573746172204811
:107C60004F524100416A7573746172204D494E55FF
:107C7000544F004D4F444F3A20434F4E47454C41DF
:107C8000444F52004D4F444F3A20524546524947C7
:107C9000455241444F5200434F4D503A204F4E0001
:107CA000434F4D503A204F4646005054413A4142CE
:107CB00054005054413A4345520054494D45523ABC
:107CC000204F4E0054494D45523A204F4646000D34
:107CD0000A00524546524947455241444F524100DD
:107CE0004D6F6465726E61205446540076352E30B7
:107CF0000041726475696E6F204D656761003235B1
:107D0000363000494C4939333431205446540052FE
:107D1000656164792100414A5553544152205345CD
:107D200054504F494E540055502F444F574E3A200F
:107D3000416A7573746172004F4B2F4241434B3A55
:107D40002053616C6972004F4B3A20536967756923
:107D5000656E746520204241434B3A2053616C6943
:107D60007200414A55535441522054494D455200E6
:107D700055502F444F574E3A20416A7573746172C3
:107D8000202831206D696E29004F4B3A20496E69D9
:107D90006369617220204241434B3A2053616C6910
:107DA000720048554D4544414420592045535441A3
:107DB000444F00256425250021205055455254414B
:0C7DC0002041424945525441202100005E
:020000040003F7
:10E000000D9489F10D94B2F10D94B2F10D94B2F129
:10E010000D94B2F10D94B2F10D94B2F10D94B2F1F0
:10E020000D94B2F10D94B2F10D94B2F10D94B2F1E0
:10E030000D94B2F10D94B2F10D94B2F10D94B2F1D0
:10E040000D94B2F10D94B2F10D94B2F10D94B2F1C0
:10E050000D94B2F10D94B2F10D94B2F10D94B2F1B0
:10E060000D94B2F10D94B2F10D94B2F10D94B2F1A0
:10E070000D94B2F10D94B2F10D94B2F10D94B2F190
:10E080000D94B2F10D94B2F10D94B2F10D94B2F180
:10E090000D94B2F10D94B2F10D94B2F10D94B2F170
:10E0A0000D94B2F10D94B2F10D94B2F10D94B2F160
:10E0B0000D94B2F10D94B2F10D94B2F10D94B2F150
:10E0C0000D94B2F10D94B2F10D94B2F10D94B2F140
:10E0D0000D94B2F10D94B2F10D94B2F10D94B2F130
:10E0E0000D94B2F141546D656761323536300041AF
:10E0F000726475696E6F206578706C6F72657220DE
:10E1000073746B3530305632206279204D4C530099
:10E11000426F6F746C6F616465723E004875683F52
:10E1200000436F6D70696C6564206F6E203D200048
:10E130004350552054797065202020203D20005FF9
:10E140005F4156525F415243485F5F3D2000415658
:10E1500052204C696243205665723D20004743437C
:10E160002056657273696F6E203D20004350552024
:10E1700049442020202020203D20004C6F7720663D
:10E18000757365202020203D20004869676820665F
:10E190007573652020203D200045787420667573D6
:10E1A00065202020203D20004C6F636B2066757336
:10E1B000652020203D20004D617220203720323024
:10E1C000313300312E362E3800342E332E350056A2
:10E1D00023202020414444522020206F7020636F70
:10E1E00064652020202020696E73747275637469E1
:10E1F0006F6E2061646472202020496E74657272B3
:10E20000757074006E6F20766563746F7200726A49
:10E210006D702020006A6D70200057686174207056
:10E220006F72743A00506F7274206E6F7420737541
:10E2300070706F72746564004D7573742062652030
:10E2400061206C6574746572002000577269747483
:10E25000696E672045450052656164696E672045B7
:10E26000450045452065727220636E743D00504F35
:10E27000525400303D5A65726F2061646472003FF1
:10E280003D43505520737461747300403D454550C3
:10E29000524F4D207465737400423D426C696E6B41
:10E2A000204C454400453D44756D70204545505215
:10E2B0004F4D00463D44756D7020464C415348001B
:10E2C000483D48656C70004C3D4C69737420492F83
:10E2D0004F20506F72747300513D51756974005234
:10E2E0003D44756D702052414D00563D73686F7707
:10E2F00020696E7465727275707420566563746FF0
:10E30000727300593D506F727420626C696E6B00BD
:10E310002A0011241FBECFEFD1E2DEBFCDBF01E046
:10E320000CBF12E0A0E0B2E0EEE1FDEF03E00BBFB6
:10E3300002C007900D92A030B107D9F712E0A0E01B
:10E34000B2E001C01D92AE30B107E1F70F9460F367
:10E350000D948DFE01E20EBF0FEF0DBF11241FBE05
:10E360000D9460F30D9400F020E030E040ED57E0B4
:10E3700005C0FA013197F1F72F5F3F4F2817390792
:10E38000C0F308959C01260F311DC901A0E0B0E043
:10E390002F5F3F4FABBFFC018791882361F08093D3
:10E3A000C6008091C00086FFFCCF8091C0008064D1
:10E3B0008093C000EACF08958DE08093C6008091DD
:10E3C000C00086FFFCCF8091C00080648093C000B5
:10E3D0008AE08093C6008091C00086FFFCCF8091C8
:10E3E000C00080648093C00008950F94C2F10F9420
:10E3F000DCF10895FC019081992359F09093C600B7
:10E400008091C00086FFFCCF8091C0008064809323
:10E41000C0003196992379F70895282F982F929567
:10E420009F70892F805D8A3308F0895F8093C600D2
:10E430008091C00086FFFCCF8091C00080648093F3
:10E44000C000822F8F70982F905D9A3308F0995FEB
:10E450009093C6008091C00086FFFCCF8091C000E1
:10E4600080648093C00008959C01FB01853691056E
:10E470001CF46330710594F0C90164E670E00F94F8
:10E480002EFE605D7F4F6093C6008091C00086FFC6
:10E49000FCCF8091C00080648093C0002B30310598
:10E4A00014F43297B4F0C90164E670E00F942EFEC4
:10E4B0006AE070E00F942EFE605D7F4F6093C600AF
:10E4C0008091C00086FFFCCF8091C0008064809363
:10E4D000C000C9016AE070E00F942EFEC0968093E0
:10E4E000C6008091C00086FFFCCF8091C000806490
:10E4F0008093C00008951F93182F8EE692EE60E07F
:10E500000F94C2F11093C6008091C00086FFFCCF2B
:10E510008091C00080648093C0000F94DCF11F9153
:10E5200008952F923F924F925F926F927F928F92B7
:10E530009F92AF92BF92CF92DF92EF92FF920F9392
:10E540001F93DF93CF93CDB7DEB762970FB6F894E2
:10E55000DEBF0FBECDBF382E622ECA01DB015C01CB
:10E560006D01772420E2222E2E010894411C511CBB
:10E570008BC081E0A81680E0B80681E0C80680E084
:10E58000D80628F0C601AA27BB270F940DF2BB2797
:10E59000AD2D9C2D8B2D0F940DF28A2D0F940DF225
:10E5A0002092C6008091C00086FFFCCF8091C00001
:10E5B00080648093C0009DE29093C6008091C0006B
:10E5C00086FFFCCF8091C00080648093C0002092C1
:10E5D000C6008091C00086FFFCCF8091C00080649F
:10E5E0008093C00019828601750188249924A1E0D6
:10E5F0003A1651F03A1620F0B2E03B1661F409C029
:10E600000BBFF701779007C0C7010F9477FE782EF4
:10E6100002C0F7017080872D0F940DF22092C60082
:10E620008091C00086FFFCCF8091C0008064809301
:10E63000C000872D8052F401EF70F0708F3520F408
:10E64000E40DF51D708204C0E40DF51D8EE280839B
:10E650000894E11CF11C011D111D0894811C911CE2
:10E6600090E18916910409F0C2CF80E190E0A0E02A
:10E67000B0E0A80EB91ECA1EDB1E198AC2010F9493
:10E68000FAF10F94DCF16A94662009F072CF629679
:10E690000FB6F894DEBF0FBECDBFCF91DF911F91B3
:10E6A0000F91FF90EF90DF90CF90BF90AF909F9031
:10E6B0008F907F906F905F904F903F902F90089534
:10E6C0002F923F924F925F926F927F928F929F9282
:10E6D000AF92BF92CF92DF92EF92FF920F931F9370
:10E6E000DF93CF93CDB7DEB7CD53D1400FB6F894BB
:10E6F000DEBF0FBECDBF01E20EBF0FEF0DBF94B75F
:10E70000F894A89514BE80916000886180936000A1
:10E7100010926000789493FF05C0E0910002F091A0
:10E7200001021995279A2F9A8091C00082608093E8
:10E73000C00080E18093C40088E18093C1000000A4
:10E74000EE24FF24870144E0A42EB12CCC24DD2448
:10E7500024C0C5010197F1F70894E11CF11C011DCB
:10E76000111D21E2E2162EE4F20620E0020720E06D
:10E77000120718F031E0C32ED12CC801B70127ECE5
:10E780003BE140E050E00F9441FE611571058105C9
:10E79000910519F485B1805885B98091C00087FD35
:10E7A00003C0C114D104A9F2A6014F5F5F4FC25E3E
:10E7B000DE4F59834883CE51D140C25EDE4F8881FF
:10E7C0009981CE51D140019711F00D9410FEC05D9A
:10E7D000DE4F19821882C053D14060E0C15DDE4F28
:10E7E0001882CF52D14088249924C35DDE4F19820C
:10E7F0001882CD52D140C05EDE4F188219821A8233
:10E800001B82C052D140CE5CDE4F188219821A8220
:10E810001B82C253D140EE24FF2487010BBFF701B6
:10E8200007911691C45CDE4F19830883CC53D14005
:10E830000D940BFEC25EDE4F28813981CE51D1404E
:10E840002130310509F52091C600C25EDE4F1982E4
:10E850001882CE51D14022C02F5F3F4F4F4F5F4FA4
:10E86000213082E138078AE7480780E0580780F0C6
:10E87000C45CDE4FE881F981CC53D140EF5FFF4F9C
:10E8800019F0EE27FF27099420E030E040E050E047
:10E890008091C00087FFE0CF2091C600C35DDE4FAE
:10E8A00048815981CD52D1404F5F5F4FC35DDE4FEC
:10E8B00059834883CD52D140213209F063C64A3092
:10E8C000510508F05FC60894811C911C53E0851621
:10E8D000910409F059C600E010E018C081E280936D
:10E8E000C6008091C00086FFFCCF8091C00080648C
:10E8F0008093C0002F5F3F4F2931310579F70F9486
:10E90000DCF10F5F1F4F0530110519F020E030E0FA
:10E91000E5CF10920A0210920B0210920C02109294
:10E920000D02109206021092070210920802109235
:10E930000902109202021092030210920402109235
:10E9400005028FEE90EE60E00F94F5F180E191EE1C
:10E9500060E00F94C2F18091C00087FFFCCF9091DE
:10E96000C600903608F09F759032B8F09093C600BC
:10E970008091C00086FFFCCF8091C00080648093AE
:10E98000C000A0E2A093C6008091C00086FFFCCF2B
:10E990008091C00080648093C000983409F4D7C18E
:10E9A0009934B8F4923409F459C1933458F490333B
:10E9B00019F1903308F4E3C59F33A1F1903409F0C5
:10E9C000DEC5BDC0953409F470C1963409F0D7C5D1
:10E9D00098C1923509F42BC2933538F49C3409F46C
:10E9E000F5C1913509F0CBC518C2963509F445C279
:10E9F000993509F0C4C567C483E792EE62E00F94CD
:10EA0000F5F110920602109207021092080210927D
:10EA1000090210920A0210920B0210920C0210923C
:10EA20000D0213C18FE792EE62E00F94F5F18FEEC5
:10EA300090EE60E00F94F5F181E291EE60E00F94CA
:10EA4000C2F187EB91EE60E00F94F5F180E391EE77
:10EA500060E00F94C2F184EE90EE60E00F94F5F167
:10EA60008FE391EE60E00F94C2F186E090E061E008
:10EA700070E00F9434F20F94DCF18DE591EE60E0DC
:10EA80000F94C2F189EC91EE60E00F94F5F18EE401
:10EA900091EE60E00F94C2F183EC91EE60E00F9490
:10EAA000F5F18CE691EE60E00F94C2F18EE10F94E7
:10EAB0000DF288E90F940DF281E00F940DF20F949E
:10EAC000DCF18BE791EE60E00F94C2F119E0E0E039
:10EAD000F0E010935700E4918E2F0F940DF20F94F5
:10EAE000DCF18AE891EE60E00F94C2F1E3E0F0E03F
:10EAF00010935700E4918E2F0F940DF20F94DCF1D8
:10EB000089E991EE60E00F94C2F1E2E0F0E0109349
:10EB10005700E4918E2F0F940DF20F94DCF188EAE8
:10EB200091EE60E00F94C2F1E1E0F0E01093570045
:10EB30001491812F0F940DF20F94DCF107CF8BE825
:10EB400092EE62E00F94F5F18BE492EE60E00F94A8
:10EB5000F5F10F94DCF100E010E019C0C8016F2D51
:10EB60000F947FFEFF2031F489E492EE60E00F9471
:10EB7000C2F10BC0F092C6008091C00086FFFCCFAE
:10EB80008091C00080648093C0000F5F1F4FC80158
:10EB900081519F41A0E0B0E0ABBFFC01F790BAE229
:10EBA000FB1621F0E2E000301E07C1F60F94DCF105
:10EBB0000F94DCF187E592EE60E00F94F5F10F948D
:10EBC000DCF1CC24DD2400E010E01EC0C8010F946D
:10EBD00077FEF82E882331F489E492EE60E00F94FA
:10EBE000C2F10BC08093C6008091C00086FFFCCFAD
:10EBF0008091C00080648093C000FE1419F00894D6
:10EC0000C11CD11C0F5F1F4FC80181519F41A0E063
:10EC1000B0E0ABBFFC01E790FAE2EF1621F022E092
:10EC20000030120799F60F94DCF10F94DCF182E6C4
:10EC300092EE60E00F94C2F1C60161E070E00F94C3
:10EC400034F20F94DCF10F94DCF110920202109276
:10EC50000302109204021092050278CE89E992EE26
:10EC600062E00F94F5F1279A2F9A16C02F9880E052
:10EC700090E0E0EDF7E03197F1F7019684369105E9
:10EC8000C1F72F9A80E090E0E0EDF7E03197F1F7DF
:10EC9000019684369105C1F78091C00087FFE6CFC9
:10ECA0008091C00087FFFCCF64C485EA92EE62E0E9
:10ECB0000F94F5F140910202509103026091040219
:10ECC0007091050281E020E10F9491F2809102029F
:10ECD00090910302A0910402B091050280509F4FD1
:10ECE000AF4FBF4F8093020290930302A0930402A0
:10ECF000B093050280509041A040B04008F426CE69
:10ED0000A4CF83EB92EE62E00F94F5F140910602FE
:10ED100050910702609108027091090280E020E1A1
:10ED20000F9491F28091060290910702A09108023F
:10ED3000B091090280509F4FAF4FBF4F80930602A2
:10ED400090930702A0930802B0930902FFCD80ECD4
:10ED500092EE62E00F94F5F183E792EE60E00F949B
:10ED6000F5F18FE792EE60E00F94F5F18BE892EE0B
:10ED700060E00F94F5F189E992EE60E00F94F5F10F
:10ED800085EA92EE60E00F94F5F183EB92EE60E09D
:10ED90000F94F5F180EC92EE60E00F94F5F187ECC2
:10EDA00092EE60E00F94F5F188ED92EE60E00F9442
:10EDB000F5F18FED92EE60E00F94F5F18AEE92EEB0
:10EDC00060E00F94F5F183E093EEBDCD87EC92EE19
:10EDD00062E00F94F5F181E40F947BF282E40F94EA
:10EDE0007BF283E40F947BF284E40F947BF285E45E
:10EDF0000F947BF286E40F947BF287E40F947BF20E
:10EE000088E40F947BF28AE40F947BF28BE40F94F6
:10EE10007BF28CE40F947BF299CD88ED92EE62E068
:10EE20000F94F5F1772473948824992409C48FED05
:10EE300092EE62E00F94F5F140910A0250910B02BC
:10EE400060910C0270910D0282E020E10F9491F22A
:10EE500080910A0290910B02A0910C02B0910D02D8
:10EE600080509F4FAF4FBF4F80930A0290930B0289
:10EE7000A0930C02B0930D0269CD8AEE92EE62E08F
:10EE80000F94F5F184EE90EE60E00F94F5F18FECC5
:10EE900091EE60E00F94F5F1662477244301CC5D98
:10EEA000DE4F19821882C452D140D401C301B695F5
:10EEB000A79597958795CA5DDE4F88839983AA8326
:10EEC000BB83C652D140CC5DDE4FA881B981C4520C
:10EED000D1401196CC5DDE4FB983A883C452D14096
:10EEE000CD0162E070E00F9434F2B0E2B093C6005E
:10EEF0008091C00086FFFCCF8091C0008064809329
:10EF0000C000EDE2E093C6008091C00086FFFCCF18
:10EF10008091C00080648093C000F0E2F093C6004E
:10EF20008091C00086FFFCCF8091C00080648093F8
:10EF3000C000CA5DDE4FE880F9800A811B81C6529D
:10EF4000D140BB27A12F902F8F2D0F940DF2CA5DBA
:10EF5000DE4F8881C652D1400F940DF2B0E2FB2EF5
:10EF6000F092C6008091C00086FFFCCF8091C00067
:10EF700080648093C0000DE30093C6008091C000C0
:10EF800086FFFCCF8091C00080648093C00010E2B7
:10EF90001093C6008091C00086FFFCCF8091C00016
:10EFA00080648093C0008BBEF3012791C65DDE4F65
:10EFB0002883CA52D140A22EBB24CC24DD2408943D
:10EFC000611C711C811C911C8BBEF3018791282E42
:10EFD0003324442455240894611C711C811C911C09
:10EFE0008BBEF3013791C55DDE4F3883CB52D140E4
:10EFF0000894611C711C811C911C8BBEF30147910C
:10F00000C45DDE4F4883CC52D140ADEFEA2EAFEF66
:10F01000FA2EAFEF0A2FAFEF1A2F6E0C7F1C801E57
:10F02000911E142D032DF22CEE24EA0CFB1C0C1D5A
:10F030001D1D0F940DF220E22093C6008091C000A8
:10F0400086FFFCCF8091C00080648093C000C65DC5
:10F05000DE4F8881CA52D1400F940DF230E23093D6
:10F06000C6008091C00086FFFCCF8091C000806404
:10F070008093C000C45DDE4F8881CC52D1400F9494
:10F080000DF240E24093C6008091C00086FFFCCFA5
:10F090008091C00080648093C000C55DDE4F888190
:10F0A000CB52D1400F940DF250E25093C6008091A4
:10F0B000C00086FFFCCF8091C00080648093C000B8
:10F0C0008FEFE8168FEFF80680E0080780E018075A
:10F0D00031F484E092EE60E00F94C2F1DFC0D80119
:10F0E000C7018070907CA070B0708050904CA040A0
:10F0F000B040D1F52FEF3FE340E050E0E222F322B1
:10F1000004231523CA5DDE4FA880B980CA80DB8046
:10F11000C652D140AE0CBF1CC01ED11EAA0CBB1CD7
:10F12000CC1CDD1C8EE092EE60E00F94C2F1BB2798
:10F13000A12F902F8F2D0F940DF28E2D0F940DF285
:10F1400030E23093C6008091C00086FFFCCF8091F2
:10F15000C00080648093C0004EE34093C60080915D
:10F16000C00086FFFCCF87C08EE09EEFA0E0B0E03D
:10F17000E822F9220A231B239CE0E91694E9F90608
:10F1800090E0090790E0190709F088C0C45DDE4FE0
:10F19000A881CC52D140EA2EFF2400E010E0102FCD
:10F1A0000F2DFE2CEE24C55DDE4FB881CB52D14031
:10F1B000EB0EF11C011D111DD601C501817090706F
:10F1C000A070B070DC0199278827E80EF91E0A1F8D
:10F1D0001B1F20EF30E040E050E0A222B322C42207
:10F1E000D52241E1AA0CBB1CCC1CDD1C4A95D1F7F1
:10F1F000EA0CFB1C0C1D1D1D81E090E0A0E0B0E0BE
:10F20000282239224A225B2235E1220C331C441C7D
:10F21000551C3A95D1F7E20CF31C041D151D57013E
:10F220006801AA0CBB1CCC1CDD1C85E192EE60E0E1
:10F230000F94C2F1C801AA27BB270F940DF2BB2778
:10F24000A12F902F8F2D0F940DF28E2D0F940DF274
:10F2500090E29093C6008091C00086FFFCCF809121
:10F26000C00080648093C000AEE3A093C60080918C
:10F27000C00086FFFCCF8091C00080648093C000F6
:10F28000C601AA27BB270F940DF2BB27AD2D9C2DDD
:10F290008B2D0F940DF28A2D0F940DF20F94DCF14B
:10F2A000CC5DDE4FE881F981C452D140F99709F471
:10F2B0004DCBF4E0EF2EF12C012D112D6E0C7F1CA7
:10F2C000801E911EF2CD83E093EE62E00F94F5F183
:10F2D0008AE192EE60E00F94C2F18091C00087FF56
:10F2E000FCCF1091C6001F751093C6008091C0001E
:10F2F00086FFFCCF8091C00080648093C0000F9493
:10F30000DCF1812F81548A3108F036C1163409F4BA
:10F3100095C0173490F4133409F44EC0143430F40B
:10F320001134F1F0123409F01DC130C0143409F465
:10F3300059C0153409F016C16BC01A3409F4C4C0A1
:10F340001B3438F4173409F48FC0183409F00AC19B
:10F35000A1C01B3409F4D2C01C3409F003C1E8C0B9
:10F360008FEF81B90DC082B1809582B980E090E0C5
:10F37000E0EDF7E03197F1F70196883C9105C1F790
:10F380008091C00087FFEFCF12B8EFC08FEF84B934
:10F390000DC085B1809585B980E090E0E0EDF7E0A3
:10F3A0003197F1F70196883C9105C1F78091C00033
:10F3B00087FFEFCF15B8D9C08FEF87B90DC088B1DF
:10F3C000809588B980E090E0E0EDF7E03197F1F7C3
:10F3D0000196883C9105C1F78091C00087FFEFCF6F
:10F3E00018B8C3C08FEF8AB90DC08BB180958BB9A7
:10F3F00080E090E0E0EDF7E03197F1F70196883C8E
:10F400009105C1F78091C00087FFEFCF1BB8ADC059
:10F410008FEF8DB90DC08EB180958EB980E090E0F0
:10F42000E0EDF7E03197F1F70196883C9105C1F7DF
:10F430008091C00087FFEFCF1EB897C08FEF80BBD1
:10F440000DC081B3809581BB80E090E0E0EDF7E0F6
:10F450003197F1F70196883C9105C1F78091C00082
:10F4600087FFEFCF11BA81C08FEF83BB0DC084B38C
:10F47000809584BB80E090E0E0EDF7E03197F1F714
:10F480000196883C9105C1F78091C00087FFEFCFBE
:10F4900014BA6BC08FEF809301010FC080910201FD
:10F4A00080958093020180E090E0E0EDF7E03197F5
:10F4B000F1F70196883C9105C1F78091C00087FF64
:10F4C000EDCF1092020151C08FEF809304010FC065
:10F4D0008091050180958093050180E090E0E0ED4A
:10F4E000F7E03197F1F70196883C9105C1F78091DB
:10F4F000C00087FFEDCF1092050137C08FEF8093DA
:10F5000007010FC08091080180958093080180E079
:10F5100090E0E0EDF7E03197F1F70196883C910536
:10F52000C1F78091C00087FFEDCF109208011DC088
:10F530008FEF80930A010FC080910B01809580931B
:10F540000B0180E090E0E0EDF7E03197F1F70196F4
:10F55000883C9105C1F78091C00087FFEDCF1092E4
:10F560000B0103C085E292EEEEC98091C00087FFD7
:10F57000FCCF8091C600EAC988E392EEE4C98CE131
:10F5800091EEE1C988249924933011F1943028F444
:10F59000913089F09230B8F408C0953061F195301F
:10F5A000F0F0963009F048C043C02B3109F042C951
:10F5B00091E06BE13FC96227C15DDE4F2883CF52E6
:10F5C000D14092E037C9B22FA0E0622793E032C960
:10F5D000822F90E0A82BB92B622794E02BC92E3004
:10F5E00009F039C3622795E0C05DDE4F19821882A9
:10F5F000C053D1401FC9E1E0F0E0EC0FFD1FC05D3A
:10F60000DE4F08811981C053D140E00FF11F2083E4
:10F610000F5F1F4FC05DDE4F19830883C053D14079
:10F6200062270A171B0709F005C9D80196E002C92D
:10F63000261709F010C303C0973009F0FBC87724E0
:10F640009981933109F412C19431C8F4963009F4C8
:10F65000D8C0973050F4923009F406C1933009F4C1
:10F660006DC0913009F059C253C0913109F477C08F
:10F67000923108F0BBC0903109F04FC2F5C098310B
:10F6800009F487C0993150F4953109F4EFC09531F0
:10F6900008F4C6C1963109F040C2C2C19A3109F4DA
:10F6A0006CC09A3108F491C09B3109F45BC09D3164
:10F6B00009F033C29D81903359F48F81882311F46E
:10F6C0009EE11CC0813011F091E018C098E916C08D
:10F6D000892F807591F0903539F4E0E0F0E089E011
:10F6E0008093570094910AC0983539F4E3E0F0E034
:10F6F00089E080935700949101C090E01A821B82A8
:10F700008D818C831D829E831F8227E030E009C299
:10F710001A8288E08B8381E48C8386E58D8382E581
:10F720008E8389E48F8383E5888780E589878FE5E9
:10F730008A8782E38B872BE030E0F3C18A818139AD
:10F7400041F0823941F0803911F48FE005C080E04A
:10F7500003C082E001C08AE01A828B8344C0772410
:10F76000739482C08D81882311F48EE12CC0813086
:10F7700011F081E028C088E926C01A82E1E0F0E0BB
:10F7800089E08093570084918B831C8224E030E0D1
:10F79000C8C18B81803589F48C81883039F4E2E0EE
:10F7A000F0E089E08093570084910DC0E0E0F0E044
:10F7B00089E080935700849106C0E3E0F0E089E09F
:10F7C0008093570084911A82DFCF8D81836C99E0FA
:10F7D000E1E0F0E0082E90935700E89507B600FCB2
:10F7E000FDCF1A821B8223E030E09BC180EC8A832C
:10F7F000CE5CDE4F188219821A821B82C253D1401E
:10F800008EC18A8190E0A0E0B0E0582F44273327D2
:10F8100022278B8190E0A0E0B0E0DC0199278827C7
:10F82000282B392B4A2B5B2B8D8190E0A0E0B0E098
:10F83000282B392B4A2B5B2B8C8190E0A0E0B0E089
:10F84000BA2FA92F982F8827282B392B4A2B5B2BCF
:10F85000220F331F441F551FC05EDE4F288339839C
:10F860004A835B83C052D1401A8259C13A81C95C34
:10F87000DE4F3883C753D140CA5CDE4F1882C6536F
:10F88000D1408B81C82EDD24CA5CDE4F488159816E
:10F89000C653D140C42AD52A933109F082C0CE5C28
:10F8A000DE4F88819981AA81BB81C253D1408050AB
:10F8B000904CA340B04030F583E0CE5CDE4FE88052
:10F8C000F9800A811B81C253D140F70100935B008C
:10F8D00080935700E89507B600FCFDCFCE5CDE4F65
:10F8E000088119812A813B81C253D14000501F4FAA
:10F8F0002F4F3F4FCE5CDE4F088319832A833B8313
:10F90000C253D140C05EDE4F488159816A817B81FC
:10F91000C052D140DE011B9631E08C9111962C91A2
:10F9200011971296C75CDE4F2883C953D140C85C3B
:10F93000DE4F1882C853D14090E0C85CDE4FE881AA
:10F94000F981C853D1408E2B9F2B0C01FA01609393
:10F950005B0030935700E89511244E5F5F4F6F4F67
:10F960007F4F0EEFE02E0FEFF02ECE0CDF1CC114F8
:10F97000D10499F685E0C05EDE4F088119812A81A5
:10F980003B81C052D140F80120935B008093570027
:10F99000E89507B600FCFDCF81E180935700E8951C
:10F9A00035C0C05EDE4F88819981AA81BB81C0527B
:10F9B000D140B695A795979587957C018601ABE0D8
:10F9C000AA2EB12CAC0EBD1E0BC0D5016D915D01F0
:10F9D000C7010F947FFE0894E11CF11C01501040F8
:10F9E0000115110591F7A60160E070E0440F551F65
:10F9F000661F771FC05EDE4FE880F9800A811B8199
:10FA0000C052D1404E0D5F1D601F711F1A82C05E33
:10FA1000DE4F488359836A837B83C052D1407FC0C5
:10FA2000FA80C55CDE4FF882CB53D140C65CDE4F16
:10FA30001882CA53D1408B81C82EDD24C65CDE4FAC
:10FA400008811981CA53D140C02AD12A1A828981DA
:10FA5000BE016D5F7F4F843121F59601C05EDE4FA0
:10FA6000E880F9800A811B81C052D1400BBFF701A9
:10FA700087919691DB018C9311969C936E5F7F4FDB
:10FA8000D801C7010296A11DB11DC05EDE4F88835B
:10FA90009983AA83BB83C052D14022503040F1F6F3
:10FAA00036C0C05EDE4F288139814A815B81C052F9
:10FAB000D1400894C108D108760100E010E0089414
:10FAC000C11CD11C0894E11CF11C011D111DE20E8A
:10FAD000F31E041F151F21BDBB27A52F942F832FB5
:10FAE00082BD2F5F3F4F4F4F5F4FF89A80B5DB01CC
:10FAF0008D93BD012E153F054007510761F7C05E8C
:10FB0000DE4F288339834A835B83C052D1409601FC
:10FB10002D5F3F4FFB01108204C080EC8A8322E0FE
:10FB200030E08BE18093C6008091C00086FFFCCF5F
:10FB30008091C00080648093C000C15DDE4FF88179
:10FB4000CF52D140F093C6008091C00086FFFCCF19
:10FB50008091C00080648093C000432F3093C60022
:10FB60008091C00086FFFCCF8091C00080648093AC
:10FB7000C000922F2093C6008091C00086FFFCCF6A
:10FB80008091C00080648093C0008EE08093C600A6
:10FB90008091C00086FFFCCF8091C000806480937C
:10FBA000C00065E1C15DDE4FE880CF52D1406E25D7
:10FBB00069276427FE01319610C090819093C6009A
:10FBC0008091C00086FFFCCF31968091C000806498
:10FBD0008093C0006927215030402115310569F715
:10FBE0006093C6008091C00086FFFCCF8091C0006A
:10FBF00080648093C00085B1805885B9772081F4F6
:10FC0000C15DDE4F0881CF52D1400F5FC15DDE4F35
:10FC10000883CF52D14090E0A0E0B0E00D941AF4F8
:10FC200027982F9880E090E020ED37E0F901319798
:10FC3000F1F7019684369105C9F700008091C00064
:10FC40008D7F8093C00081E180935700E895EE2777
:10FC5000FF270994FFCF90E00D941AF497FB092E2B
:10FC600007260AD077FD04D02ED006D000201AF443
:10FC7000709561957F4F0895F6F7909581959F4F08
:10FC80000895A1E21A2EAA1BBB1BFD010DC0AA1FDD
:10FC9000BB1FEE1FFF1FA217B307E407F50720F0F5
:10FCA000A21BB30BE40BF50B661F771F881F991F70
:10FCB0001A9469F760957095809590959B01AC01B9
:10FCC000BD01CF010895AA1BBB1B51E107C0AA1FAC
:10FCD000BB1FA617B70710F0A61BB70B881F991FED
:10FCE0005A95A9F780959095BC01CD010895F99991
:10FCF000FECF92BD81BDF89A992780B50895262F31
:10FD0000F999FECF1FBA92BD81BD20BD0FB6F89400
:0EFD1000FA9AF99A0FBE01960895F894FFCF63
:00000001FF
